-- phpMyAdmin SQL Dump
-- version 5.2.0
-- https://www.phpmyadmin.net/
--
-- Host: 127.0.0.1
-- Generation Time: Aug 08, 2023 at 02:31 PM
-- Server version: 10.4.27-MariaDB
-- PHP Version: 7.4.26

SET SQL_MODE = "NO_AUTO_VALUE_ON_ZERO";
START TRANSACTION;
SET time_zone = "+00:00";


/*!40101 SET @OLD_CHARACTER_SET_CLIENT=@@CHARACTER_SET_CLIENT */;
/*!40101 SET @OLD_CHARACTER_SET_RESULTS=@@CHARACTER_SET_RESULTS */;
/*!40101 SET @OLD_COLLATION_CONNECTION=@@COLLATION_CONNECTION */;
/*!40101 SET NAMES utf8mb4 */;

--
-- Database: `suyool_alfa`
--

-- --------------------------------------------------------

--
-- Table structure for table `logs`
--

CREATE TABLE `logs` (
  `id` int(11) NOT NULL,
  `identifier` varchar(255) NOT NULL,
  `url` varchar(255) NOT NULL,
  `request` text NOT NULL,
  `response` text NOT NULL,
  `error` varchar(255) NOT NULL,
  `created` datetime NOT NULL DEFAULT current_timestamp()
) ENGINE=InnoDB DEFAULT CHARSET=utf8mb4 COLLATE=utf8mb4_general_ci;

--
-- Dumping data for table `logs`
--

INSERT INTO `logs` (`id`, `identifier`, `url`, `request`, `response`, `error`, `created`) VALUES
(1, 'Prepaid Request', 'https://backbone.lebaneseloto.com/Service.asmx/PurchaseVoucher', '{\"Token\":\"334de788-6912-4484-835c-7efd48596640\",\"category\":\"ALFA\",\"type\":\"1\"}', '{\"__type\":\"ServiceClasses.BaseReply\",\"errorinfo\":{\"errorcode\":19,\"errormsg\":\"There are no vouchers of this type currently availalble.\"},\"insertId\":null}', 'There are no vouchers of this type currently availalble.', '2023-08-01 13:35:22'),
(2, 'Prepaid Request', 'https://backbone.lebaneseloto.com/Service.asmx/PurchaseVoucher', '{\"Token\":\"a1066b81-af54-4aa3-bd33-0ea4c87777ab\",\"category\":\"ALFA\",\"type\":\"1\"}', '{\"__type\":\"ServiceClasses.BaseReply\",\"errorinfo\":{\"errorcode\":2,\"errormsg\":\"Token has expired. Please Login Again\"},\"insertId\":null}', 'Token has expired. Please Login Again', '2023-08-01 13:36:27'),
(3, 'Prepaid Request', 'https://backbone.lebaneseloto.com/Service.asmx/PurchaseVoucher', '{\"Token\":\"a1066b81-af54-4aa3-bd33-0ea4c87777ab\",\"category\":\"ALFA\",\"type\":\"13\"}', '{\"__type\":\"ServiceClasses.BaseReply\",\"errorinfo\":{\"errorcode\":2,\"errormsg\":\"Token has expired. Please Login Again\"},\"insertId\":null}', 'Token has expired. Please Login Again', '2023-08-01 13:37:01'),
(4, 'Prepaid Request', 'https://backbone.lebaneseloto.com/Service.asmx/PurchaseVoucher', '{\"Token\":\"c48db49a-4cae-4dc9-89e3-c6a251722bdf\",\"category\":\"ALFA\",\"type\":\"1\"}', '{\"__type\":\"ServiceClasses.BaseReply\",\"errorinfo\":{\"errorcode\":19,\"errormsg\":\"There are no vouchers of this type currently availalble.\"},\"insertId\":null}', 'There are no vouchers of this type currently availalble.', '2023-08-01 13:41:31'),
(5, 'Prepaid Request', 'https://backbone.lebaneseloto.com/Service.asmx/PurchaseVoucher', '{\"Token\":\"5f45663e-f9a5-4b1b-a862-d7d278c8ae0f\",\"category\":\"ALFA\",\"type\":\"1\"}', '{\"__type\":\"ServiceClasses.BaseReply\",\"errorinfo\":{\"errorcode\":19,\"errormsg\":\"There are no vouchers of this type currently availalble.\"},\"insertId\":null}', 'There are no vouchers of this type currently availalble.', '2023-08-01 14:36:00'),
(6, 'Prepaid Request', 'https://backbone.lebaneseloto.com/Service.asmx/PurchaseVoucher', '{\"Token\":\"9599ef59-faca-492d-a836-4034dd1c5a6e\",\"category\":\"ALFA\",\"type\":\"1\"}', '{\"__type\":\"ServiceClasses.BaseReply\",\"errorinfo\":{\"errorcode\":19,\"errormsg\":\"There are no vouchers of this type currently availalble.\"},\"insertId\":null}', 'There are no vouchers of this type currently availalble.', '2023-08-08 11:27:01');

-- --------------------------------------------------------

--
-- Table structure for table `orders`
--

CREATE TABLE `orders` (
  `id` int(11) NOT NULL,
  `suyoolUserId` int(11) NOT NULL,
  `transId` int(11) DEFAULT NULL,
  `postpaid_id` int(11) DEFAULT NULL,
  `prepaid_id` int(11) DEFAULT NULL,
  `status` varchar(30) NOT NULL,
  `amount` int(50) DEFAULT NULL,
  `currency` varchar(11) DEFAULT NULL,
  `create_date` datetime NOT NULL DEFAULT current_timestamp(),
  `update_date` datetime NOT NULL DEFAULT current_timestamp() ON UPDATE current_timestamp()
) ENGINE=InnoDB DEFAULT CHARSET=utf8mb4 COLLATE=utf8mb4_general_ci;

--
-- Dumping data for table `orders`
--

INSERT INTO `orders` (`id`, `suyoolUserId`, `transId`, `postpaid_id`, `prepaid_id`, `status`, `amount`, `currency`, `create_date`, `update_date`) VALUES
(1070, 89, 4411, 3, NULL, 'completed', 158000, 'LBP', '2023-07-26 12:35:28', '2023-07-26 12:35:32'),
(1071, 89, 4412, NULL, 11, 'completed', 288990, 'LBP', '2023-07-26 12:35:54', '2023-07-26 12:35:55'),
(1072, 89, NULL, NULL, NULL, 'canceled', 288990, 'LBP', '2023-07-26 12:36:50', '2023-07-26 12:36:50'),
(1073, 89, 4426, 4, NULL, 'completed', 158000, 'LBP', '2023-07-26 12:40:37', '2023-07-26 12:40:42'),
(1074, 89, 4431, NULL, NULL, 'completed', 117135, 'LBP', '2023-07-26 12:42:41', '2023-07-26 12:42:41'),
(1075, 89, NULL, NULL, NULL, 'canceled', 2158875, 'LBP', '2023-07-26 12:42:54', '2023-07-26 12:42:54'),
(1076, 89, NULL, NULL, NULL, 'canceled', 2158875, 'LBP', '2023-07-27 10:32:24', '2023-07-27 10:32:30'),
(1077, 89, NULL, NULL, NULL, 'pending', 2158875, 'LBP', '2023-07-27 10:33:22', '2023-07-27 10:33:22'),
(1078, 89, NULL, NULL, NULL, 'canceled', 2158875, 'LBP', '2023-07-27 10:33:58', '2023-07-27 10:33:58'),
(1079, 89, NULL, NULL, NULL, 'canceled', 2158875, 'LBP', '2023-07-27 10:34:18', '2023-07-27 10:34:18'),
(1080, 89, NULL, NULL, NULL, 'canceled', 2158875, 'LBP', '2023-07-27 10:36:46', '2023-07-27 10:36:47'),
(1081, 89, NULL, NULL, NULL, 'canceled', 2158875, 'LBP', '2023-07-27 10:37:57', '2023-07-27 10:37:57'),
(1082, 89, NULL, NULL, NULL, 'canceled', 2158875, 'LBP', '2023-07-27 10:39:06', '2023-07-27 10:39:06'),
(1083, 89, NULL, NULL, NULL, 'canceled', 2158875, 'LBP', '2023-07-27 10:39:48', '2023-07-27 10:39:48'),
(1084, 89, NULL, NULL, NULL, 'canceled', 2158875, 'LBP', '2023-07-27 10:40:25', '2023-07-27 10:40:25'),
(1085, 89, NULL, NULL, NULL, 'canceled', 2158875, 'LBP', '2023-07-27 10:40:57', '2023-07-27 10:40:57'),
(1086, 89, NULL, NULL, NULL, 'canceled', 2158875, 'LBP', '2023-07-27 10:42:08', '2023-07-27 10:42:08'),
(1087, 89, NULL, NULL, NULL, 'canceled', 2158875, 'LBP', '2023-07-27 10:43:00', '2023-07-27 10:43:00'),
(1088, 89, NULL, NULL, NULL, 'canceled', 2158875, 'LBP', '2023-07-27 10:45:25', '2023-07-27 10:45:25'),
(1089, 89, NULL, NULL, NULL, 'pending', 2158875, 'LBP', '2023-07-27 10:48:00', '2023-07-27 10:48:00'),
(1090, 89, NULL, NULL, NULL, 'pending', 2158875, 'LBP', '2023-07-27 10:48:21', '2023-07-27 10:48:21'),
(1091, 89, NULL, NULL, NULL, 'pending', 2158875, 'LBP', '2023-07-27 10:48:35', '2023-07-27 10:48:35'),
(1092, 89, NULL, NULL, NULL, 'canceled', 2158875, 'LBP', '2023-07-27 10:48:52', '2023-07-27 10:48:52'),
(1093, 89, NULL, NULL, NULL, 'pending', 2158875, 'LBP', '2023-07-27 10:49:40', '2023-07-27 10:49:40'),
(1094, 89, NULL, NULL, NULL, 'canceled', 2158875, 'LBP', '2023-07-27 10:50:13', '2023-07-27 10:50:13'),
(1095, 89, NULL, NULL, NULL, 'pending', 2158875, 'LBP', '2023-07-27 10:51:01', '2023-07-27 10:51:01'),
(1096, 89, NULL, NULL, NULL, 'pending', 2158875, 'LBP', '2023-07-27 10:51:24', '2023-07-27 10:51:24'),
(1097, 89, NULL, NULL, NULL, 'pending', 2158875, 'LBP', '2023-07-27 10:54:57', '2023-07-27 10:54:57'),
(1098, 89, NULL, NULL, NULL, 'pending', 2158875, 'LBP', '2023-07-27 10:56:21', '2023-07-27 10:56:21'),
(1099, 89, NULL, NULL, NULL, 'pending', 2158875, 'LBP', '2023-07-27 10:58:20', '2023-07-27 10:58:20'),
(1100, 89, NULL, NULL, NULL, 'pending', 2158875, 'LBP', '2023-07-27 11:00:12', '2023-07-27 11:00:12'),
(1101, 89, NULL, NULL, NULL, 'canceled', 2158875, 'LBP', '2023-07-27 11:07:27', '2023-07-27 11:07:27'),
(1102, 89, NULL, NULL, NULL, 'pending', 2158875, 'LBP', '2023-07-27 11:07:53', '2023-07-27 11:07:53'),
(1103, 89, NULL, NULL, NULL, 'pending', 2158875, 'LBP', '2023-07-27 11:08:26', '2023-07-27 11:08:26'),
(1104, 89, NULL, NULL, NULL, 'pending', 2158875, 'LBP', '2023-07-27 11:09:00', '2023-07-27 11:09:00'),
(1105, 89, NULL, NULL, NULL, 'pending', 2158875, 'LBP', '2023-07-27 11:19:50', '2023-07-27 11:19:50'),
(1106, 89, NULL, NULL, NULL, 'pending', 2158875, 'LBP', '2023-07-27 11:20:03', '2023-07-27 11:20:03'),
(1107, 89, NULL, NULL, NULL, 'canceled', 2158875, 'LBP', '2023-07-27 11:20:12', '2023-07-27 11:20:13'),
(1108, 89, NULL, NULL, NULL, 'canceled', 2158875, 'LBP', '2023-07-27 11:26:16', '2023-07-27 11:26:16'),
(1109, 89, 4633, NULL, 12, 'completed', 288990, 'LBP', '2023-07-27 11:26:21', '2023-07-27 11:26:21'),
(1110, 89, 4634, 5, NULL, 'completed', 158000, 'LBP', '2023-07-27 11:26:44', '2023-07-27 11:26:58'),
(1111, 89, NULL, NULL, NULL, 'canceled', 158000, 'LBP', '2023-07-27 11:58:26', '2023-07-27 11:58:29'),
(1112, 89, NULL, NULL, NULL, 'pending', 158000, 'LBP', '2023-07-27 12:00:37', '2023-07-27 12:00:37'),
(1113, 89, 4645, 6, NULL, 'completed', 158000, 'LBP', '2023-07-27 12:01:31', '2023-07-27 12:01:41'),
(1114, 89, 4649, 7, NULL, 'completed', 158000, 'LBP', '2023-07-27 12:26:52', '2023-07-27 12:27:03'),
(1115, 89, 4650, 8, NULL, 'completed', 158000, 'LBP', '2023-07-27 12:28:31', '2023-07-27 12:28:35'),
(1116, 89, NULL, NULL, NULL, 'canceled', 158000, 'LBP', '2023-07-27 12:29:07', '2023-07-27 12:29:07'),
(1117, 89, NULL, NULL, NULL, 'canceled', 158000, 'LBP', '2023-07-27 12:31:14', '2023-07-27 12:31:14'),
(1118, 89, NULL, NULL, NULL, 'canceled', 2158875, 'LBP', '2023-07-27 12:31:59', '2023-07-27 12:32:00'),
(1119, 89, NULL, NULL, NULL, 'pending', 2158875, 'LBP', '2023-07-27 12:34:21', '2023-07-27 12:34:21'),
(1120, 89, NULL, NULL, NULL, 'pending', 288990, 'LBP', '2023-07-27 12:35:13', '2023-07-27 12:35:13'),
(1121, 89, NULL, NULL, NULL, 'canceled', 288990, 'LBP', '2023-07-27 12:35:31', '2023-07-27 12:35:32'),
(1122, 89, NULL, NULL, NULL, 'canceled', 2158875, 'LBP', '2023-07-28 12:37:15', '2023-07-28 12:37:20'),
(1123, 89, NULL, NULL, NULL, 'canceled', 2158875, 'LBP', '2023-07-28 12:37:51', '2023-07-28 12:37:51'),
(1124, 89, NULL, NULL, NULL, 'canceled', 2158875, 'LBP', '2023-07-28 12:38:08', '2023-07-28 12:38:08'),
(1125, 89, NULL, NULL, NULL, 'canceled', 117135, 'LBP', '2023-07-28 13:09:26', '2023-07-28 13:09:32'),
(1126, 89, 4706, NULL, NULL, 'completed', 117135, 'LBP', '2023-07-28 13:10:14', '2023-07-28 13:10:15'),
(1127, 89, 4707, NULL, 13, 'purchased', 288990, 'LBP', '2023-07-28 13:10:38', '2023-07-28 13:10:39'),
(1128, 89, NULL, NULL, NULL, 'canceled', 288990, 'LBP', '2023-07-28 13:20:46', '2023-07-28 13:20:46'),
(1129, 89, 4713, NULL, 14, 'purchased', 288990, 'LBP', '2023-07-28 13:21:18', '2023-07-28 13:21:19'),
(1130, 89, 4716, NULL, 15, 'completed', 288990, 'LBP', '2023-07-28 13:29:54', '2023-07-28 13:29:54'),
(1131, 89, NULL, NULL, NULL, 'canceled', 158000, 'LBP', '2023-07-28 13:41:04', '2023-07-28 13:41:04'),
(1132, 89, 4721, 9, NULL, 'completed', 158000, 'LBP', '2023-07-28 13:41:40', '2023-07-28 13:41:54'),
(1133, 89, 4744, NULL, 16, 'completed', 288990, 'LBP', '2023-07-28 16:22:59', '2023-07-28 16:23:02'),
(1134, 89, 4946, NULL, 17, 'completed', 288990, 'LBP', '2023-07-31 13:44:11', '2023-07-31 13:44:15'),
(1135, 89, 4947, NULL, 18, 'completed', 288990, 'LBP', '2023-07-31 13:44:19', '2023-07-31 13:44:19'),
(1136, 89, 4948, NULL, NULL, 'completed', 720765, 'LBP', '2023-07-31 13:50:08', '2023-07-31 13:50:08'),
(1137, 89, NULL, NULL, NULL, 'pending', 720765, 'LBP', '2023-07-31 14:23:43', '2023-07-31 14:23:43'),
(1138, 89, 4957, NULL, 19, 'completed', 288990, 'LBP', '2023-07-31 14:29:28', '2023-07-31 14:29:28'),
(1139, 89, 4962, NULL, 20, 'completed', 288990, 'LBP', '2023-07-31 15:27:17', '2023-07-31 15:27:17'),
(1140, 89, NULL, NULL, NULL, 'canceled', 288990, 'LBP', '2023-07-31 16:05:03', '2023-07-31 16:05:06'),
(1141, 89, NULL, NULL, NULL, 'canceled', 288990, 'LBP', '2023-07-31 16:05:20', '2023-07-31 16:05:20'),
(1142, 89, NULL, NULL, NULL, 'canceled', 288990, 'LBP', '2023-07-31 16:05:39', '2023-07-31 16:05:39'),
(1143, 89, NULL, NULL, NULL, 'canceled', 158000, 'LBP', '2023-07-31 16:07:27', '2023-07-31 16:07:27'),
(1144, 89, NULL, NULL, NULL, 'canceled', 288990, 'LBP', '2023-07-31 16:09:55', '2023-07-31 16:09:55'),
(1145, 89, NULL, NULL, NULL, 'canceled', 1438965, 'LBP', '2023-07-31 16:10:19', '2023-07-31 16:10:20'),
(1146, 89, NULL, NULL, NULL, 'canceled', 1438965, 'LBP', '2023-07-31 16:10:39', '2023-07-31 16:10:39'),
(1147, 155, 4972, NULL, 21, 'completed', 288990, 'LBP', '2023-07-31 16:12:49', '2023-07-31 16:12:50'),
(1148, 89, NULL, NULL, NULL, 'canceled', 2158875, 'LBP', '2023-07-31 16:45:56', '2023-07-31 16:45:56'),
(1149, 89, NULL, NULL, NULL, 'canceled', 2158875, 'LBP', '2023-07-31 16:46:11', '2023-07-31 16:46:12'),
(1150, 89, NULL, NULL, NULL, 'canceled', 158000, 'LBP', '2023-08-01 10:11:04', '2023-08-01 10:11:05'),
(1151, 89, 4992, 10, NULL, 'completed', 158000, 'LBP', '2023-08-01 10:11:25', '2023-08-01 10:11:39'),
(1152, 89, 4996, NULL, 22, 'completed', 288990, 'LBP', '2023-08-01 11:06:18', '2023-08-01 11:06:34'),
(1153, 89, 5009, NULL, NULL, 'held', 428355, 'LBP', '2023-08-01 12:16:08', '2023-08-01 12:16:08'),
(1154, 89, 5010, NULL, NULL, 'completed', 428355, 'LBP', '2023-08-01 12:17:41', '2023-08-01 12:17:45'),
(1155, 89, 5064, NULL, NULL, 'completed', 117135, 'LBP', '2023-08-01 14:35:55', '2023-08-01 14:36:01'),
(1156, 89, 5092, NULL, 23, 'completed', 288990, 'LBP', '2023-08-01 15:41:54', '2023-08-01 15:41:57'),
(1157, 89, 5291, 11, NULL, 'completed', 158000, 'LBP', '2023-08-03 11:46:23', '2023-08-03 11:46:28'),
(1158, 89, 5318, 12, NULL, 'completed', 158000, 'LBP', '2023-08-03 16:35:29', '2023-08-03 16:35:42'),
(1159, 89, 5414, 13, NULL, 'completed', 158000, 'LBP', '2023-08-07 09:42:06', '2023-08-07 09:42:42'),
(1160, 89, 5456, 14, NULL, 'completed', 158000, 'LBP', '2023-08-07 11:17:30', '2023-08-07 11:17:34'),
(1161, 89, 5461, 15, NULL, 'completed', 158000, 'LBP', '2023-08-07 11:47:05', '2023-08-07 11:47:12'),
(1162, 89, 5462, NULL, 24, 'completed', 288990, 'LBP', '2023-08-07 11:48:09', '2023-08-07 11:48:09'),
(1163, 89, NULL, NULL, NULL, 'canceled', 158000, 'LBP', '2023-08-07 12:06:12', '2023-08-07 12:06:12'),
(1164, 89, 5467, 16, NULL, 'completed', 158000, 'LBP', '2023-08-07 12:07:24', '2023-08-07 12:07:29'),
(1165, 89, NULL, NULL, NULL, 'canceled', 158000, 'LBP', '2023-08-07 12:11:28', '2023-08-07 12:11:28'),
(1166, 89, 5471, 17, NULL, 'completed', 158000, 'LBP', '2023-08-07 12:12:20', '2023-08-07 12:12:25'),
(1167, 89, NULL, NULL, NULL, 'canceled', 158000, 'LBP', '2023-08-07 12:27:18', '2023-08-07 12:27:19'),
(1168, 89, 5474, 18, NULL, 'completed', 158000, 'LBP', '2023-08-07 12:27:24', '2023-08-07 12:27:30'),
(1169, 89, NULL, NULL, NULL, 'canceled', 158000, 'LBP', '2023-08-07 14:45:37', '2023-08-07 14:45:42'),
(1170, 89, NULL, NULL, NULL, 'canceled', 2158875, 'LBP', '2023-08-07 14:51:11', '2023-08-07 14:51:11'),
(1171, 89, NULL, NULL, NULL, 'canceled', 117135, 'LBP', '2023-08-07 14:51:23', '2023-08-07 14:51:23'),
(1172, 89, 5506, 19, NULL, 'completed', 158000, 'LBP', '2023-08-07 14:53:16', '2023-08-07 14:53:27'),
(1173, 89, NULL, NULL, NULL, 'canceled', 158000, 'LBP', '2023-08-07 15:11:52', '2023-08-07 15:11:52'),
(1174, 89, NULL, NULL, NULL, 'canceled', 158000, 'LBP', '2023-08-08 09:52:07', '2023-08-08 09:52:10'),
(1175, 89, 5621, 20, NULL, 'completed', 158000, 'LBP', '2023-08-08 10:20:00', '2023-08-08 10:20:04'),
(1176, 89, 5624, NULL, 25, 'completed', 288990, 'LBP', '2023-08-08 10:20:48', '2023-08-08 10:20:49'),
(1177, 89, 5623, NULL, 26, 'completed', 288990, 'LBP', '2023-08-08 10:20:48', '2023-08-08 10:20:49'),
(1178, 89, 5647, NULL, 27, 'completed', 288990, 'LBP', '2023-08-08 10:58:25', '2023-08-08 10:58:25'),
(1179, 89, 5650, 21, NULL, 'completed', 158000, 'LBP', '2023-08-08 11:13:34', '2023-08-08 11:13:46'),
(1180, 89, 5652, NULL, NULL, 'completed', 117135, 'LBP', '2023-08-08 11:26:57', '2023-08-08 11:27:01'),
(1181, 89, 5653, NULL, 28, 'completed', 288990, 'LBP', '2023-08-08 11:27:50', '2023-08-08 11:27:50'),
(1182, 89, 5655, NULL, 29, 'completed', 288990, 'LBP', '2023-08-08 11:31:26', '2023-08-08 11:31:26'),
(1183, 89, 5669, 22, NULL, 'completed', 158000, 'LBP', '2023-08-08 12:28:03', '2023-08-08 12:28:12'),
(1184, 89, 5671, 23, NULL, 'completed', 158000, 'LBP', '2023-08-08 12:33:58', '2023-08-08 12:34:03'),
(1185, 89, 5674, 24, NULL, 'completed', 158000, 'LBP', '2023-08-08 13:14:45', '2023-08-08 13:14:53'),
(1186, 89, 5676, 25, NULL, 'completed', 158000, 'LBP', '2023-08-08 13:17:44', '2023-08-08 13:17:48'),
(1187, 89, 5742, 26, NULL, 'completed', 158000, 'LBP', '2023-08-08 14:44:30', '2023-08-08 14:44:37'),
(1188, 89, 5743, 27, NULL, 'completed', 158000, 'LBP', '2023-08-08 14:49:53', '2023-08-08 14:49:57'),
(1189, 89, 5749, 28, NULL, 'completed', 158000, 'LBP', '2023-08-08 15:19:43', '2023-08-08 15:19:50'),
(1190, 89, 5751, 29, NULL, 'completed', 158000, 'LBP', '2023-08-08 15:23:23', '2023-08-08 15:23:28');

-- --------------------------------------------------------

--
-- Table structure for table `postpaid`
--

CREATE TABLE `postpaid` (
  `id` int(11) NOT NULL,
  `suyoolUserId` int(11) NOT NULL,
  `gsmNumber` int(11) NOT NULL,
  `currency` varchar(20) NOT NULL,
  `pin` int(11) NOT NULL,
  `transactionId` int(11) NOT NULL,
  `transactionDescription` varchar(255) DEFAULT NULL,
  `status` varchar(50) NOT NULL,
  `fees` int(11) NOT NULL,
  `fees1` int(11) NOT NULL,
  `amount` double NOT NULL,
  `amount1` double NOT NULL,
  `amount2` double NOT NULL,
  `referenceNumber` int(11) NOT NULL,
  `informativeOriginalWSAmount` double NOT NULL,
  `totalAmount` double NOT NULL,
  `rounding` int(11) NOT NULL,
  `additionalFees` int(11) NOT NULL,
  `create_date` datetime NOT NULL DEFAULT current_timestamp(),
  `update_date` datetime NOT NULL DEFAULT current_timestamp() ON UPDATE current_timestamp()
) ENGINE=InnoDB DEFAULT CHARSET=utf8mb4 COLLATE=utf8mb4_general_ci;

--
-- Dumping data for table `postpaid`
--

INSERT INTO `postpaid` (`id`, `suyoolUserId`, `gsmNumber`, `currency`, `pin`, `transactionId`, `transactionDescription`, `status`, `fees`, `fees1`, `amount`, `amount1`, `amount2`, `referenceNumber`, `informativeOriginalWSAmount`, `totalAmount`, `rounding`, `additionalFees`, `create_date`, `update_date`) VALUES
(3, 216559524, 70102030, 'LBP', 1234, 1735388, '20230700000271', 'pending', 1300, 0, 156870, 0, 0, 2147483647, 104.58, 158000, -170, 0, '2023-07-26 12:35:32', '2023-07-26 12:35:32'),
(4, 967294413, 70102030, 'LBP', 1234, 1735389, '20230700000272', 'pending', 1300, 0, 156870, 0, 0, 2147483647, 104.58, 158000, -170, 0, '2023-07-26 12:40:42', '2023-07-26 12:40:42'),
(5, 1755502564, 70102030, 'LBP', 1234, 1735393, '20230700000276', 'pending', 1300, 0, 156870, 0, 0, 2147483647, 104.58, 158000, -170, 0, '2023-07-27 11:26:58', '2023-07-27 11:26:58'),
(6, 1246236459, 70102030, 'LBP', 1234, 1735396, '20230700000279', 'pending', 1300, 0, 156870, 0, 0, 2147483647, 104.58, 158000, -170, 0, '2023-07-27 12:01:41', '2023-07-27 12:01:41'),
(7, 1822798798, 70102030, 'LBP', 1234, 1735397, '20230700000280', 'pending', 1300, 0, 156870, 0, 0, 2147483647, 104.58, 158000, -170, 0, '2023-07-27 12:27:03', '2023-07-27 12:27:03'),
(8, 2042778752, 70102030, 'LBP', 1234, 1735398, '20230700000281', 'pending', 1300, 0, 156870, 0, 0, 2147483647, 104.58, 158000, -170, 0, '2023-07-27 12:28:35', '2023-07-27 12:28:35'),
(9, 1573937255, 70102030, 'LBP', 1234, 1735403, '20230700000286', 'pending', 1300, 0, 156870, 0, 0, 2147483647, 104.58, 158000, -170, 0, '2023-07-28 13:41:54', '2023-07-28 13:41:54'),
(10, 1468830427, 70102030, 'LBP', 1234, 1735435, '20230800000002', 'pending', 1300, 0, 156870, 0, 0, 2147483647, 104.58, 158000, -170, 0, '2023-08-01 10:11:38', '2023-08-01 10:11:38'),
(11, 713742554, 70102030, 'LBP', 1234, 1735480, '20230800000040', 'pending', 1300, 0, 156870, 0, 0, 2147483647, 104.58, 158000, -170, 0, '2023-08-03 11:46:28', '2023-08-03 11:46:28'),
(12, 1042796386, 70102030, 'LBP', 1234, 1735482, '20230800000042', 'pending', 1300, 0, 156870, 0, 0, 2147483647, 104.58, 158000, -170, 0, '2023-08-03 16:35:42', '2023-08-03 16:35:42'),
(13, 237831491, 70102030, 'LBP', 1234, 1735497, '20230800000065', 'pending', 1300, 0, 156870, 0, 0, 2147483647, 104.58, 158000, -170, 0, '2023-08-07 09:42:42', '2023-08-07 09:42:42'),
(14, 161670635, 70102030, 'LBP', 1234, 1735502, '20230800000070', 'pending', 1300, 0, 156870, 0, 0, 2147483647, 104.58, 158000, -170, 0, '2023-08-07 11:17:34', '2023-08-07 11:17:34'),
(15, 483301490, 70102030, 'LBP', 1234, 1735503, '20230800000071', 'pending', 1300, 0, 156870, 0, 0, 2147483647, 104.58, 158000, -170, 0, '2023-08-07 11:47:12', '2023-08-07 11:47:12'),
(16, 1771250424, 70102030, 'LBP', 1234, 1735505, '20230800000073', 'pending', 1300, 0, 156870, 0, 0, 2147483647, 104.58, 158000, -170, 0, '2023-08-07 12:07:29', '2023-08-07 12:07:29'),
(17, 1864540938, 70102030, 'LBP', 1234, 1735507, '20230800000075', 'pending', 1300, 0, 156870, 0, 0, 2147483647, 104.58, 158000, -170, 0, '2023-08-07 12:12:25', '2023-08-07 12:12:25'),
(18, 148694780, 70102030, 'LBP', 1234, 1735513, '20230800000081', 'pending', 1300, 0, 156870, 0, 0, 2147483647, 104.58, 158000, -170, 0, '2023-08-07 12:27:29', '2023-08-07 12:27:29'),
(19, 1487629885, 70102030, 'LBP', 1234, 1735522, '20230800000084', 'pending', 1300, 0, 156870, 0, 0, 2147483647, 104.58, 158000, -170, 0, '2023-08-07 14:53:27', '2023-08-07 14:53:27'),
(20, 181677588, 70102030, 'LBP', 1234, 1735534, '20230800000094', 'pending', 1300, 0, 156870, 0, 0, 2147483647, 104.58, 158000, -170, 0, '2023-08-08 10:20:04', '2023-08-08 10:20:04'),
(21, 411070842, 70102030, 'LBP', 1234, 1735546, '20230800000105', 'pending', 1300, 0, 156870, 0, 0, 2147483647, 104.58, 158000, -170, 0, '2023-08-08 11:13:46', '2023-08-08 11:13:46'),
(22, 112540792, 70102030, 'LBP', 1234, 1735561, '20230800000120', 'pending', 1300, 0, 156870, 0, 0, 2147483647, 104.58, 158000, -170, 0, '2023-08-08 12:28:12', '2023-08-08 12:28:12'),
(23, 1736144973, 70102030, 'LBP', 1234, 1735562, '20230800000121', 'pending', 1300, 0, 156870, 0, 0, 2147483647, 104.58, 158000, -170, 0, '2023-08-08 12:34:03', '2023-08-08 12:34:03'),
(24, 2055354174, 70102030, 'LBP', 1234, 1735563, '20230800000122', 'pending', 1300, 0, 156870, 0, 0, 2147483647, 104.58, 158000, -170, 0, '2023-08-08 13:14:53', '2023-08-08 13:14:53'),
(25, 697930203, 70102030, 'LBP', 1234, 1735565, '20230800000124', 'pending', 1300, 0, 156870, 0, 0, 2147483647, 104.58, 158000, -170, 0, '2023-08-08 13:17:48', '2023-08-08 13:17:48'),
(26, 1240033341, 70102030, 'LBP', 1234, 1735568, '20230800000127', 'pending', 1300, 0, 156870, 0, 0, 2147483647, 104.58, 158000, -170, 0, '2023-08-08 14:44:37', '2023-08-08 14:44:37'),
(27, 840783668, 70102030, 'LBP', 1234, 1735570, '20230800000129', 'pending', 1300, 0, 156870, 0, 0, 2147483647, 104.58, 158000, -170, 0, '2023-08-08 14:49:57', '2023-08-08 14:49:57'),
(28, 2137114795, 70102030, 'LBP', 1234, 1735571, '20230800000130', 'pending', 1300, 0, 156870, 0, 0, 2147483647, 104.58, 158000, -170, 0, '2023-08-08 15:19:50', '2023-08-08 15:19:50'),
(29, 385409486, 70102030, 'LBP', 1234, 1735573, '20230800000132', 'pending', 1300, 0, 156870, 0, 0, 2147483647, 104.58, 158000, -170, 0, '2023-08-08 15:23:28', '2023-08-08 15:23:28');

-- --------------------------------------------------------

--
-- Table structure for table `postpaidrequest`
--

CREATE TABLE `postpaidrequest` (
  `id` int(11) NOT NULL,
  `suyoolUserId` int(11) NOT NULL,
  `gsmNumber` int(11) NOT NULL,
  `transactionId` int(11) DEFAULT NULL,
  `currency` varchar(20) DEFAULT NULL,
  `pin` int(11) DEFAULT NULL,
  `fees` double DEFAULT NULL,
  `fees1` double DEFAULT NULL,
  `amount` double DEFAULT NULL,
  `amount1` double DEFAULT NULL,
  `amount2` double DEFAULT NULL,
  `referenceNumber` text DEFAULT NULL,
  `informativeOriginalWSAmount` double DEFAULT NULL,
  `totalAmount` double DEFAULT NULL,
  `rounding` int(11) DEFAULT NULL,
  `additionalFees` double DEFAULT NULL,
  `create_date` datetime NOT NULL DEFAULT current_timestamp(),
  `update_date` datetime NOT NULL DEFAULT current_timestamp() ON UPDATE current_timestamp()
) ENGINE=InnoDB DEFAULT CHARSET=utf8mb4 COLLATE=utf8mb4_general_ci;

--
-- Dumping data for table `postpaidrequest`
--

INSERT INTO `postpaidrequest` (`id`, `suyoolUserId`, `gsmNumber`, `transactionId`, `currency`, `pin`, `fees`, `fees1`, `amount`, `amount1`, `amount2`, `referenceNumber`, `informativeOriginalWSAmount`, `totalAmount`, `rounding`, `additionalFees`, `create_date`, `update_date`) VALUES
(4, 216559524, 70102030, 1735388, 'LBP', 1234, 1300, 0, 156870, 0, 0, '20230700000271', 104.58, 158000, -170, 0, '2023-07-26 12:35:11', '2023-07-26 12:35:19'),
(5, 967294413, 70102030, 1735389, 'LBP', 1234, 1300, 0, 156870, 0, 0, '20230700000272', 104.58, 158000, -170, 0, '2023-07-26 12:40:08', '2023-07-26 12:40:19'),
(6, 1990128554, 70102030, NULL, NULL, NULL, NULL, NULL, NULL, NULL, NULL, NULL, NULL, NULL, NULL, NULL, '2023-07-27 09:36:31', '2023-07-27 09:36:31'),
(7, 509928279, 70102030, NULL, NULL, NULL, NULL, NULL, NULL, NULL, NULL, NULL, NULL, NULL, NULL, NULL, '2023-07-27 09:39:36', '2023-07-27 09:39:36'),
(8, 1755502564, 70102030, 1735393, 'LBP', 1234, 1300, 0, 156870, 0, 0, '20230700000276', 104.58, 158000, -170, 0, '2023-07-27 11:26:35', '2023-07-27 11:26:43'),
(9, 674029142, 70102030, 1735394, 'LBP', 1234, 1300, 0, 156870, 0, 0, '20230700000277', 104.58, 158000, -170, 0, '2023-07-27 11:58:20', '2023-07-27 11:58:25'),
(10, 1651025860, 70102030, 1735395, 'LBP', 1234, 1300, 0, 156870, 0, 0, '20230700000278', 104.58, 158000, -170, 0, '2023-07-27 12:00:30', '2023-07-27 12:00:35'),
(11, 1246236459, 70102030, 1735396, 'LBP', 1234, 1300, 0, 156870, 0, 0, '20230700000279', 104.58, 158000, -170, 0, '2023-07-27 12:01:25', '2023-07-27 12:01:30'),
(12, 1822798798, 70102030, 1735397, 'LBP', 1234, 1300, 0, 156870, 0, 0, '20230700000280', 104.58, 158000, -170, 0, '2023-07-27 12:26:37', '2023-07-27 12:26:51'),
(13, 651342475, 70102030, NULL, NULL, NULL, NULL, NULL, NULL, NULL, NULL, NULL, NULL, NULL, NULL, NULL, '2023-07-27 12:27:41', '2023-07-27 12:27:41'),
(14, 2042778752, 70102030, 1735398, 'LBP', 1234, 1300, 0, 156870, 0, 0, '20230700000281', 104.58, 158000, -170, 0, '2023-07-27 12:28:25', '2023-07-27 12:28:30'),
(15, 559598814, 70102030, 1735399, 'LBP', 1234, 1300, 0, 156870, 0, 0, '20230700000282', 104.58, 158000, -170, 0, '2023-07-27 12:29:00', '2023-07-27 12:29:05'),
(16, 1177009918, 70102030, 1735400, 'LBP', 1234, 1300, 0, 156870, 0, 0, '20230700000283', 104.58, 158000, -170, 0, '2023-07-27 12:29:59', '2023-07-27 12:30:03'),
(17, 485559510, 70102030, 1735401, 'LBP', 1234, 1300, 0, 156870, 0, 0, '20230700000284', 104.58, 158000, -170, 0, '2023-07-27 12:31:08', '2023-07-27 12:31:12'),
(18, 1774842612, 70102030, NULL, NULL, NULL, NULL, NULL, NULL, NULL, NULL, NULL, NULL, NULL, NULL, NULL, '2023-07-28 13:40:51', '2023-07-28 13:40:51'),
(19, 1573937255, 70102030, 1735403, 'LBP', 1234, 1300, 0, 156870, 0, 0, '20230700000286', 104.58, 158000, -170, 0, '2023-07-28 13:40:52', '2023-07-28 13:41:35'),
(20, 1391343713, 70102030, 1735414, 'LBP', 1234, 1300, 0, 156870, 0, 0, '20230700000288', 104.58, 158000, -170, 0, '2023-07-28 14:11:38', '2023-07-28 14:11:42'),
(21, 1500677196, 70102030, 1735433, 'LBP', 1234, 1300, 0, 156870, 0, 0, '20230700000301', 104.58, 158000, -170, 0, '2023-07-31 16:07:20', '2023-07-31 16:07:25'),
(22, 1700041546, 70102030, 1735434, 'LBP', 1234, 1300, 0, 156870, 0, 0, '20230800000001', 104.58, 158000, -170, 0, '2023-08-01 10:10:47', '2023-08-01 10:10:52'),
(23, 1468830427, 70102030, 1735435, 'LBP', 1234, 1300, 0, 156870, 0, 0, '20230800000002', 104.58, 158000, -170, 0, '2023-08-01 10:11:19', '2023-08-01 10:11:23'),
(24, 713742554, 70102030, 1735480, 'LBP', 1234, 1300, 0, 156870, 0, 0, '20230800000040', 104.58, 158000, -170, 0, '2023-08-03 11:46:15', '2023-08-03 11:46:21'),
(25, 1042796386, 70102030, 1735482, 'LBP', 1234, 1300, 0, 156870, 0, 0, '20230800000042', 104.58, 158000, -170, 0, '2023-08-03 16:35:19', '2023-08-03 16:35:24'),
(26, 237831491, 70102030, 1735497, 'LBP', 1234, 1300, 0, 156870, 0, 0, '20230800000065', 104.58, 158000, -170, 0, '2023-08-07 09:41:56', '2023-08-07 09:42:05'),
(27, 161670635, 70102030, 1735502, 'LBP', 1234, 1300, 0, 156870, 0, 0, '20230800000070', 104.58, 158000, -170, 0, '2023-08-07 11:17:17', '2023-08-07 11:17:21'),
(28, 483301490, 70102030, 1735503, 'LBP', 1234, 1300, 0, 156870, 0, 0, '20230800000071', 104.58, 158000, -170, 0, '2023-08-07 11:46:56', '2023-08-07 11:47:01'),
(29, 415255702, 70102030, NULL, NULL, NULL, NULL, NULL, NULL, NULL, NULL, NULL, NULL, NULL, NULL, NULL, '2023-08-07 12:00:10', '2023-08-07 12:00:10'),
(30, 967818735, 70102030, NULL, NULL, NULL, NULL, NULL, NULL, NULL, NULL, NULL, NULL, NULL, NULL, NULL, '2023-08-07 12:01:19', '2023-08-07 12:01:19'),
(31, 1261823751, 70102030, NULL, NULL, NULL, NULL, NULL, NULL, NULL, NULL, NULL, NULL, NULL, NULL, NULL, '2023-08-07 12:01:50', '2023-08-07 12:01:50'),
(32, 875237968, 70102030, 1735504, 'LBP', 1234, 1300, 0, 156870, 0, 0, '20230800000072', 104.58, 158000, -170, 0, '2023-08-07 12:06:05', '2023-08-07 12:06:10'),
(33, 1950391386, 70102030, 1735506, 'LBP', 1234, 1300, 0, 156870, 0, 0, '20230800000074', 104.58, 158000, -170, 0, '2023-08-07 12:07:11', '2023-08-07 12:11:23'),
(34, 1864540938, 70102030, 1735507, 'LBP', 1234, 1300, 0, 156870, 0, 0, '20230800000075', 104.58, 158000, -170, 0, '2023-08-07 12:12:14', '2023-08-07 12:12:18'),
(35, 24015463, 70102030, 1735508, 'LBP', 1234, 1300, 0, 156870, 0, 0, '20230800000076', 104.58, 158000, -170, 0, '2023-08-07 12:14:14', '2023-08-07 12:14:18'),
(36, 1144402144, 70102030, NULL, NULL, NULL, NULL, NULL, NULL, NULL, NULL, NULL, NULL, NULL, NULL, NULL, '2023-08-07 12:15:20', '2023-08-07 12:15:20'),
(37, 1917212566, 70102030, 1735509, 'LBP', 1234, 1300, 0, 156870, 0, 0, '20230800000077', 104.58, 158000, -170, 0, '2023-08-07 12:16:38', '2023-08-07 12:16:43'),
(38, 944398820, 70102030, 1735510, 'LBP', 1234, 1300, 0, 156870, 0, 0, '20230800000078', 104.58, 158000, -170, 0, '2023-08-07 12:16:57', '2023-08-07 12:17:03'),
(39, 488572397, 70102030, NULL, NULL, NULL, NULL, NULL, NULL, NULL, NULL, NULL, NULL, NULL, NULL, NULL, '2023-08-07 12:22:19', '2023-08-07 12:22:19'),
(40, 2061158631, 70102030, NULL, NULL, NULL, NULL, NULL, NULL, NULL, NULL, NULL, NULL, NULL, NULL, NULL, '2023-08-07 12:22:25', '2023-08-07 12:22:25'),
(41, 1687286185, 70102030, NULL, NULL, NULL, NULL, NULL, NULL, NULL, NULL, NULL, NULL, NULL, NULL, NULL, '2023-08-07 12:22:58', '2023-08-07 12:22:58'),
(42, 686517172, 70102030, NULL, NULL, NULL, NULL, NULL, NULL, NULL, NULL, NULL, NULL, NULL, NULL, NULL, '2023-08-07 12:23:47', '2023-08-07 12:23:47'),
(43, 1797294234, 70102030, 1735511, 'LBP', 1234, 1300, 0, 156870, 0, 0, '20230800000079', 104.58, 158000, -170, 0, '2023-08-07 12:26:16', '2023-08-07 12:26:21'),
(44, 982171802, 70102030, NULL, NULL, NULL, NULL, NULL, NULL, NULL, NULL, NULL, NULL, NULL, NULL, NULL, '2023-08-07 12:26:46', '2023-08-07 12:26:46'),
(45, 148694780, 70102030, 1735513, 'LBP', 1234, 1300, 0, 156870, 0, 0, '20230800000081', 104.58, 158000, -170, 0, '2023-08-07 12:27:11', '2023-08-07 12:27:16'),
(46, 1906044672, 70102030, 1735520, 'LBP', 1234, 1300, 0, 156870, 0, 0, '20230800000082', 104.58, 158000, -170, 0, '2023-08-07 14:45:31', '2023-08-07 14:45:36'),
(47, 1487629885, 70102030, 1735522, 'LBP', 1234, 1300, 0, 156870, 0, 0, '20230800000084', 104.58, 158000, -170, 0, '2023-08-07 14:53:07', '2023-08-07 14:53:11'),
(48, 1256376058, 70102030, NULL, NULL, NULL, NULL, NULL, NULL, NULL, NULL, NULL, NULL, NULL, NULL, NULL, '2023-08-07 14:59:36', '2023-08-07 14:59:36'),
(49, 678031388, 70102030, NULL, NULL, NULL, NULL, NULL, NULL, NULL, NULL, NULL, NULL, NULL, NULL, NULL, '2023-08-07 15:02:09', '2023-08-07 15:02:09'),
(50, 1248400323, 70102030, NULL, NULL, NULL, NULL, NULL, NULL, NULL, NULL, NULL, NULL, NULL, NULL, NULL, '2023-08-07 15:03:11', '2023-08-07 15:03:11'),
(51, 115734973, 70102030, NULL, NULL, NULL, NULL, NULL, NULL, NULL, NULL, NULL, NULL, NULL, NULL, NULL, '2023-08-07 15:04:45', '2023-08-07 15:04:45'),
(52, 553555806, 70102030, NULL, NULL, NULL, NULL, NULL, NULL, NULL, NULL, NULL, NULL, NULL, NULL, NULL, '2023-08-07 15:05:15', '2023-08-07 15:05:15'),
(53, 1791822498, 70102030, 1735524, 'LBP', 1234, 1300, 0, 156870, 0, 0, '20230800000086', 104.58, 158000, -170, 0, '2023-08-07 15:11:45', '2023-08-07 15:11:49'),
(54, 1982165077, 70102030, 1735529, 'LBP', 1234, 1300, 0, 156870, 0, 0, '20230800000089', 104.58, 158000, -170, 0, '2023-08-08 09:51:57', '2023-08-08 09:52:04'),
(55, 1911260940, 70102030, 1735532, 'LBP', 1234, 1300, 0, 156870, 0, 0, '20230800000092', 104.58, 158000, -170, 0, '2023-08-08 10:16:39', '2023-08-08 10:16:43'),
(56, 181677588, 70102030, 1735534, 'LBP', 1234, 1300, 0, 156870, 0, 0, '20230800000094', 104.58, 158000, -170, 0, '2023-08-08 10:19:51', '2023-08-08 10:19:56'),
(57, 823402523, 70102030, 1735535, 'LBP', 1234, 1300, 0, 156870, 0, 0, '20230800000095', 104.58, 158000, -170, 0, '2023-08-08 10:28:24', '2023-08-08 10:28:29'),
(58, 754814662, 70102030, 1735536, 'LBP', 1234, 1300, 0, 156870, 0, 0, '20230800000096', 104.58, 158000, -170, 0, '2023-08-08 10:31:22', '2023-08-08 10:31:27'),
(59, 1984949955, 70102030, 1735537, 'LBP', 1234, 1300, 0, 156870, 0, 0, '20230800000097', 104.58, 158000, -170, 0, '2023-08-08 10:32:44', '2023-08-08 10:32:49'),
(60, 587474413, 70102030, 1735538, 'LBP', 1234, 1300, 0, 156870, 0, 0, '20230800000098', 104.58, 158000, -170, 0, '2023-08-08 10:33:17', '2023-08-08 10:33:21'),
(61, 2128569468, 70102030, 1735544, 'LBP', 1234, 1300, 0, 156870, 0, 0, '20230800000103', 104.58, 158000, -170, 0, '2023-08-08 10:56:21', '2023-08-08 10:56:26'),
(62, 12764003, 70102030, NULL, NULL, NULL, NULL, NULL, NULL, NULL, NULL, NULL, NULL, NULL, NULL, NULL, '2023-08-08 11:10:46', '2023-08-08 11:10:46'),
(63, 411070842, 70102030, 1735546, 'LBP', 1234, 1300, 0, 156870, 0, 0, '20230800000105', 104.58, 158000, -170, 0, '2023-08-08 11:11:52', '2023-08-08 11:12:30'),
(64, 112540792, 70102030, 1735561, 'LBP', 1234, 1300, 0, 156870, 0, 0, '20230800000120', 104.58, 158000, -170, 0, '2023-08-08 12:27:48', '2023-08-08 12:27:54'),
(65, 1736144973, 70102030, 1735562, 'LBP', 1234, 1300, 0, 156870, 0, 0, '20230800000121', 104.58, 158000, -170, 0, '2023-08-08 12:33:53', '2023-08-08 12:33:57'),
(66, 2055354174, 70102030, 1735563, 'LBP', 1234, 1300, 0, 156870, 0, 0, '20230800000122', 104.58, 158000, -170, 0, '2023-08-08 12:55:40', '2023-08-08 12:58:22'),
(67, 166996929, 70102030, NULL, NULL, NULL, NULL, NULL, NULL, NULL, NULL, NULL, NULL, NULL, NULL, NULL, '2023-08-08 13:17:17', '2023-08-08 13:17:17'),
(68, 697930203, 70102030, 1735565, 'LBP', 1234, 1300, 0, 156870, 0, 0, '20230800000124', 104.58, 158000, -170, 0, '2023-08-08 13:17:38', '2023-08-08 13:17:42'),
(69, 1491772753, 70102030, NULL, NULL, NULL, NULL, NULL, NULL, NULL, NULL, NULL, NULL, NULL, NULL, NULL, '2023-08-08 13:35:21', '2023-08-08 13:35:21'),
(70, 113899013, 70102030, 1735566, 'LBP', 1234, 1300, 0, 156870, 0, 0, '20230800000125', 104.58, 158000, -170, 0, '2023-08-08 14:35:18', '2023-08-08 14:35:27'),
(71, 2107492927, 70102030, 1735567, 'LBP', 1234, 1300, 0, 156870, 0, 0, '20230800000126', 104.58, 158000, -170, 0, '2023-08-08 14:39:50', '2023-08-08 14:39:55'),
(72, 1240033341, 70102030, 1735568, 'LBP', 1234, 1300, 0, 156870, 0, 0, '20230800000127', 104.58, 158000, -170, 0, '2023-08-08 14:44:22', '2023-08-08 14:44:26'),
(73, 300806384, 70102030, 1735569, 'LBP', 1234, 1300, 0, 156870, 0, 0, '20230800000128', 104.58, 158000, -170, 0, '2023-08-08 14:47:14', '2023-08-08 14:47:24'),
(74, 840783668, 70102030, 1735570, 'LBP', 1234, 1300, 0, 156870, 0, 0, '20230800000129', 104.58, 158000, -170, 0, '2023-08-08 14:49:44', '2023-08-08 14:49:50'),
(75, 367601376, 70102030, NULL, NULL, NULL, NULL, NULL, NULL, NULL, NULL, NULL, NULL, NULL, NULL, NULL, '2023-08-08 14:52:56', '2023-08-08 14:52:56'),
(76, 389744907, 70102030, NULL, NULL, NULL, NULL, NULL, NULL, NULL, NULL, NULL, NULL, NULL, NULL, NULL, '2023-08-08 14:54:53', '2023-08-08 14:54:53'),
(77, 1844282102, 70102030, NULL, NULL, NULL, NULL, NULL, NULL, NULL, NULL, NULL, NULL, NULL, NULL, NULL, '2023-08-08 14:56:47', '2023-08-08 14:56:47'),
(78, 1891852703, 70102030, NULL, NULL, NULL, NULL, NULL, NULL, NULL, NULL, NULL, NULL, NULL, NULL, NULL, '2023-08-08 14:58:36', '2023-08-08 14:58:36'),
(79, 1485726921, 70102030, NULL, NULL, NULL, NULL, NULL, NULL, NULL, NULL, NULL, NULL, NULL, NULL, NULL, '2023-08-08 15:00:58', '2023-08-08 15:00:58'),
(80, 1188020853, 70102030, NULL, NULL, NULL, NULL, NULL, NULL, NULL, NULL, NULL, NULL, NULL, NULL, NULL, '2023-08-08 15:02:00', '2023-08-08 15:02:00'),
(81, 1794111417, 70102030, NULL, NULL, NULL, NULL, NULL, NULL, NULL, NULL, NULL, NULL, NULL, NULL, NULL, '2023-08-08 15:09:24', '2023-08-08 15:09:24'),
(82, 1665080086, 70102030, NULL, NULL, NULL, NULL, NULL, NULL, NULL, NULL, NULL, NULL, NULL, NULL, NULL, '2023-08-08 15:10:16', '2023-08-08 15:10:16'),
(83, 1737056939, 70102030, NULL, NULL, NULL, NULL, NULL, NULL, NULL, NULL, NULL, NULL, NULL, NULL, NULL, '2023-08-08 15:12:14', '2023-08-08 15:12:14'),
(84, 841623262, 70102030, NULL, NULL, NULL, NULL, NULL, NULL, NULL, NULL, NULL, NULL, NULL, NULL, NULL, '2023-08-08 15:12:43', '2023-08-08 15:12:43'),
(85, 1527055283, 70102030, NULL, NULL, NULL, NULL, NULL, NULL, NULL, NULL, NULL, NULL, NULL, NULL, NULL, '2023-08-08 15:16:54', '2023-08-08 15:16:54'),
(86, 80744590, 70102030, NULL, NULL, NULL, NULL, NULL, NULL, NULL, NULL, NULL, NULL, NULL, NULL, NULL, '2023-08-08 15:18:58', '2023-08-08 15:18:58'),
(87, 2137114795, 70102030, 1735571, 'LBP', 1234, 1300, 0, 156870, 0, 0, '20230800000130', 104.58, 158000, -170, 0, '2023-08-08 15:19:35', '2023-08-08 15:19:40'),
(88, 1565405511, 70102030, 1735572, 'LBP', 1234, 1300, 0, 156870, 0, 0, '20230800000131', 104.58, 158000, -170, 0, '2023-08-08 15:21:40', '2023-08-08 15:21:43'),
(89, 385409486, 70102030, 1735573, 'LBP', 1234, 1300, 0, 156870, 0, 0, '20230800000132', 104.58, 158000, -170, 0, '2023-08-08 15:23:16', '2023-08-08 15:23:20'),
(90, 997489783, 70102030, 1735574, 'LBP', 1234, 1300, 0, 156870, 0, 0, '20230800000133', 104.58, 158000, -170, 0, '2023-08-08 15:26:04', '2023-08-08 15:26:08');

-- --------------------------------------------------------

--
-- Table structure for table `prepaid`
--

CREATE TABLE `prepaid` (
  `id` int(11) NOT NULL,
  `suyoolUserId` int(11) NOT NULL,
  `voucherSerial` varchar(100) NOT NULL,
  `voucherCode` varchar(100) NOT NULL,
  `voucherExpiry` varchar(40) NOT NULL,
  `description` varchar(100) NOT NULL,
  `displayMessage` text NOT NULL,
  `token` varchar(100) NOT NULL,
  `balance` int(11) NOT NULL,
  `errorMsg` varchar(255) NOT NULL,
  `insertId` int(11) DEFAULT NULL,
  `create_date` datetime NOT NULL DEFAULT current_timestamp(),
  `update_date` datetime NOT NULL DEFAULT current_timestamp() ON UPDATE current_timestamp()
) ENGINE=InnoDB DEFAULT CHARSET=utf8mb4 COLLATE=utf8mb4_general_ci;

--
-- Dumping data for table `prepaid`
--

INSERT INTO `prepaid` (`id`, `suyoolUserId`, `voucherSerial`, `voucherCode`, `voucherExpiry`, `description`, `displayMessage`, `token`, `balance`, `errorMsg`, `insertId`, `create_date`, `update_date`) VALUES
(11, 89, '2147483647', '2147483647', '2024-07-01', '3.38$ 13 Days', 'You have successfully purchased a \'3.38$ 13 Days\' Voucher code. Please recharge it using the code 12345678901234 before 2024-07-01', 'f13991f3-a3eb-4242-9d3a-3c066259148a', 97095000, 'SUCCESS', NULL, '2023-07-26 12:35:55', '2023-07-26 12:35:55'),
(12, 89, '2147483647', '2147483647', '2024-07-01', '3.38$ 13 Days', 'You have successfully purchased a \'3.38$ 13 Days\' Voucher code. Please recharge it using the code 12345678901234 before 2024-07-01', '8b16e9e0-ce59-4b79-8196-7c60f87c9a78', 96640000, 'SUCCESS', NULL, '2023-07-27 11:26:21', '2023-07-27 11:26:21'),
(13, 89, '2147483647', '2147483647', '2024-07-01', '3.38$ 13 Days', 'You have successfully purchased a \'3.38$ 13 Days\' Voucher code. Please recharge it using the code 12345678901234 before 2024-07-01', 'b262c44b-e411-40f5-b06f-55d21be08ca7', 96640000, 'SUCCESS', NULL, '2023-07-28 13:10:39', '2023-07-28 13:10:39'),
(14, 89, '2147483647', '2147483647', '2024-07-01', '3.38$ 13 Days', 'You have successfully purchased a \'3.38$ 13 Days\' Voucher code. Please recharge it using the code 12345678901234 before 2024-07-01', '13b442ba-88d4-483a-bf81-469f1199cb5e', 96640000, 'SUCCESS', NULL, '2023-07-28 13:21:19', '2023-07-28 13:21:19'),
(15, 89, '2147483647', '2147483647', '2024-07-01', '3.38$ 13 Days', 'You have successfully purchased a \'3.38$ 13 Days\' Voucher code. Please recharge it using the code 12345678901234 before 2024-07-01', '0cc583af-8a53-442e-a8df-9d9d6ca33af1', 96640000, 'SUCCESS', NULL, '2023-07-28 13:29:54', '2023-07-28 13:29:54'),
(16, 89, '2147483647', '2147483647', '2024-07-01', '3.38$ 13 Days', 'You have successfully purchased a \'3.38$ 13 Days\' Voucher code. Please recharge it using the code 12345678901234 before 2024-07-01', '47c4bb2e-9575-48c7-90d6-e4fc69b38e54', 96640000, 'SUCCESS', NULL, '2023-07-28 16:23:02', '2023-07-28 16:23:02'),
(17, 89, '2147483647', '2147483647', '2024-07-01', '3.38$ 13 Days', 'You have successfully purchased a \'3.38$ 13 Days\' Voucher code. Please recharge it using the code 12345678901234 before 2024-07-01', '9d00d1aa-4f73-47df-bc02-a40e15080887', 96640000, 'SUCCESS', NULL, '2023-07-31 13:44:14', '2023-07-31 13:44:14'),
(18, 89, '2147483647', '2147483647', '2024-07-01', '3.38$ 13 Days', 'You have successfully purchased a \'3.38$ 13 Days\' Voucher code. Please recharge it using the code 12345678901234 before 2024-07-01', 'e5a77e39-5eb5-4f67-b273-f1b2720e4667', 96640000, 'SUCCESS', NULL, '2023-07-31 13:44:19', '2023-07-31 13:44:19'),
(19, 89, '2147483647', '2147483647', '2024-07-01', '3.38$ 13 Days', 'You have successfully purchased a \'3.38$ 13 Days\' Voucher code. Please recharge it using the code 12345678901234 before 2024-07-01', 'dad5db3e-382c-42e8-9f6f-e7ab4e5ea68f', 96640000, 'SUCCESS', NULL, '2023-07-31 14:29:28', '2023-07-31 14:29:28'),
(20, 89, '2147483647', '2147483647', '2024-07-01', '3.38$ 13 Days', 'You have successfully purchased a \'3.38$ 13 Days\' Voucher code. Please recharge it using the code 12345678901234 before 2024-07-01', '4e011686-1578-4301-9b3d-ceb2304dc8df', 96640000, 'SUCCESS', NULL, '2023-07-31 15:27:17', '2023-07-31 15:27:17'),
(21, 155, '1234567890123456', '12345678901234', '2024-07-01', '3.38$ 13 Days', 'You have successfully purchased a \'3.38$ 13 Days\' Voucher code. Please recharge it using the code 12345678901234 before 2024-07-01', '219128bc-83e0-4f3f-b3de-38161d8ac901', 96640000, 'SUCCESS', NULL, '2023-07-31 16:12:49', '2023-07-31 16:12:49'),
(22, 89, '1234567890123456', '12345678901234', '2024-07-01', '3.38$ 13 Days', 'You have successfully purchased a \'3.38$ 13 Days\' Voucher code. Please recharge it using the code 12345678901234 before 2024-07-01', '0a30140a-44ec-4461-a631-fe58cef5f5ef', 96640000, 'SUCCESS', NULL, '2023-08-01 11:06:34', '2023-08-01 11:06:34'),
(23, 89, '1234567890123456', '12345678901234', '2024-07-01', '3.38$ 13 Days', 'You have successfully purchased a \'3.38$ 13 Days\' Voucher code. Please recharge it using the code 12345678901234 before 2024-07-01', 'fbd8693f-b0a4-4827-af7c-3b8fd1a1eee2', 96535000, 'SUCCESS', NULL, '2023-08-01 15:41:57', '2023-08-01 15:41:57'),
(24, 89, '1234567890123456', '12345678901234', '2024-07-01', '3.38$ 13 Days', 'You have successfully purchased a \'3.38$ 13 Days\' Voucher code. Please recharge it using the code 12345678901234 before 2024-07-01', '2ee952ea-c46e-481b-b28f-05d4b892a3e1', 96535000, 'SUCCESS', NULL, '2023-08-07 11:48:09', '2023-08-07 11:48:09'),
(25, 89, '1234567890123456', '12345678901234', '2024-07-01', '3.38$ 13 Days', 'You have successfully purchased a \'3.38$ 13 Days\' Voucher code. Please recharge it using the code 12345678901234 before 2024-07-01', 'a7a645ad-0bf0-4f63-ae56-45d784ffc81f', 96535000, 'SUCCESS', NULL, '2023-08-08 10:20:49', '2023-08-08 10:20:49'),
(26, 89, '1234567890123456', '12345678901234', '2024-07-01', '3.38$ 13 Days', 'You have successfully purchased a \'3.38$ 13 Days\' Voucher code. Please recharge it using the code 12345678901234 before 2024-07-01', 'c29ce889-41e0-4462-b9e2-dde5587ddee8', 96535000, 'SUCCESS', NULL, '2023-08-08 10:20:49', '2023-08-08 10:20:49'),
(27, 89, '1234567890123456', '12345678901234', '2024-07-01', '3.38$ 13 Days', 'You have successfully purchased a \'3.38$ 13 Days\' Voucher code. Please recharge it using the code 12345678901234 before 2024-07-01', 'ebcdbdad-80f5-4d1a-919e-cfdacfe71514', 96535000, 'SUCCESS', NULL, '2023-08-08 10:58:25', '2023-08-08 10:58:25'),
(28, 89, '1234567890123456', '12345678901234', '2024-07-01', '3.38$ 13 Days', 'You have successfully purchased a \'3.38$ 13 Days\' Voucher code. Please recharge it using the code 12345678901234 before 2024-07-01', '4cf0af35-4b0d-43c6-94b2-5bcd1639623c', 96535000, 'SUCCESS', NULL, '2023-08-08 11:27:50', '2023-08-08 11:27:50'),
(29, 89, '1234567890123456', '12345678901234', '2024-07-01', '3.38$ 13 Days', 'You have successfully purchased a \'3.38$ 13 Days\' Voucher code. Please recharge it using the code 12345678901234 before 2024-07-01', '34738343-968a-408b-acba-356955e53e51', 96535000, 'SUCCESS', NULL, '2023-08-08 11:31:26', '2023-08-08 11:31:26');

--
-- Indexes for dumped tables
--

--
-- Indexes for table `logs`
--
ALTER TABLE `logs`
  ADD PRIMARY KEY (`id`);

--
-- Indexes for table `orders`
--
ALTER TABLE `orders`
  ADD PRIMARY KEY (`id`),
  ADD UNIQUE KEY `prepaid_id` (`prepaid_id`),
  ADD UNIQUE KEY `postpaid_id` (`postpaid_id`);

--
-- Indexes for table `postpaid`
--
ALTER TABLE `postpaid`
  ADD PRIMARY KEY (`id`);

--
-- Indexes for table `postpaidrequest`
--
ALTER TABLE `postpaidrequest`
  ADD PRIMARY KEY (`id`);

--
-- Indexes for table `prepaid`
--
ALTER TABLE `prepaid`
  ADD PRIMARY KEY (`id`);

--
-- AUTO_INCREMENT for dumped tables
--

--
-- AUTO_INCREMENT for table `logs`
--
ALTER TABLE `logs`
  MODIFY `id` int(11) NOT NULL AUTO_INCREMENT, AUTO_INCREMENT=7;

--
-- AUTO_INCREMENT for table `orders`
--
ALTER TABLE `orders`
  MODIFY `id` int(11) NOT NULL AUTO_INCREMENT, AUTO_INCREMENT=1191;

--
-- AUTO_INCREMENT for table `postpaid`
--
ALTER TABLE `postpaid`
  MODIFY `id` int(11) NOT NULL AUTO_INCREMENT, AUTO_INCREMENT=30;

--
-- AUTO_INCREMENT for table `postpaidrequest`
--
ALTER TABLE `postpaidrequest`
  MODIFY `id` int(11) NOT NULL AUTO_INCREMENT, AUTO_INCREMENT=91;

--
-- AUTO_INCREMENT for table `prepaid`
--
ALTER TABLE `prepaid`
  MODIFY `id` int(11) NOT NULL AUTO_INCREMENT, AUTO_INCREMENT=30;
COMMIT;

/*!40101 SET CHARACTER_SET_CLIENT=@OLD_CHARACTER_SET_CLIENT */;
/*!40101 SET CHARACTER_SET_RESULTS=@OLD_CHARACTER_SET_RESULTS */;
/*!40101 SET COLLATION_CONNECTION=@OLD_COLLATION_CONNECTION */;
