-- phpMyAdmin SQL Dump
-- version 5.2.0
-- https://www.phpmyadmin.net/
--
-- Host: 127.0.0.1
-- Generation Time: Aug 22, 2023 at 09:17 AM
-- Server version: 10.4.24-MariaDB
-- PHP Version: 8.0.19

SET SQL_MODE = "NO_AUTO_VALUE_ON_ZERO";
START TRANSACTION;
SET time_zone = "+00:00";


/*!40101 SET @OLD_CHARACTER_SET_CLIENT=@@CHARACTER_SET_CLIENT */;
/*!40101 SET @OLD_CHARACTER_SET_RESULTS=@@CHARACTER_SET_RESULTS */;
/*!40101 SET @OLD_COLLATION_CONNECTION=@@COLLATION_CONNECTION */;
/*!40101 SET NAMES utf8mb4 */;

--
-- Database: `suyool_loto`
--

-- --------------------------------------------------------

--
-- Table structure for table `draws`
--

CREATE TABLE `draws` (
  `id` int(11) NOT NULL,
  `drawId` int(11) NOT NULL,
  `drawdate` datetime NOT NULL,
  `prize` varchar(30) NOT NULL,
  `zeedprize` varchar(30) NOT NULL,
  `create_date` datetime NOT NULL DEFAULT current_timestamp(),
  `update_date` datetime NOT NULL DEFAULT current_timestamp() ON UPDATE current_timestamp()
) ENGINE=InnoDB DEFAULT CHARSET=utf8mb4;

--
-- Dumping data for table `draws`
--

INSERT INTO `draws` (`id`, `drawId`, `drawdate`, `prize`, `zeedprize`, `create_date`, `update_date`) VALUES
(7, 2117, '2023-06-12 17:45:00', '15500000000', '400000000', '2023-06-09 11:28:44', '2023-07-05 16:29:45'),
(8, 2118, '2023-06-15 17:45:00', '17000000000', '100000000', '2023-06-14 07:29:59', '2023-07-05 16:29:45'),
(9, 2120, '2023-06-22 17:45:00', '20000000000', '100000000', '2023-06-20 15:59:20', '2023-07-05 16:29:45'),
(10, 2121, '2023-06-26 17:45:00', '7000000000', '100000000', '2023-06-23 08:08:48', '2023-07-05 16:29:45'),
(11, 2122, '2023-06-29 17:45:00', '8000000000', '100000000', '2023-06-27 14:03:14', '2023-07-05 16:29:45'),
(12, 2123, '2023-07-03 17:45:00', '9000000000', '400000000', '2023-07-03 10:41:27', '2023-07-05 16:29:45'),
(13, 2124, '2023-07-06 17:45:00', '10000000000', '100000000', '2023-07-05 08:33:12', '2023-07-05 16:29:45'),
(14, 2125, '2023-07-10 17:45:00', '11000000000', '100000000', '2023-07-07 06:57:48', '2023-07-07 06:57:48'),
(15, 2126, '2023-07-13 17:45:00', '13000000000', '400000000', '2023-07-11 08:23:00', '2023-07-11 08:23:00'),
(19, 2127, '2023-07-17 17:45:00', '15000000000', '100000000', '2023-07-17 09:18:00', '2023-07-17 09:18:00'),
(20, 2128, '2023-07-20 17:45:00', '16500000000', '100000000', '2023-07-18 09:43:11', '2023-07-18 09:43:11'),
(21, 2129, '2023-07-24 17:45:00', '18000000000', '100000000', '2023-07-21 08:01:44', '2023-07-21 08:01:44'),
(26, 2130, '2023-07-27 17:45:00', '19000000000', '100000000', '2023-07-25 15:04:25', '2023-07-28 09:08:12'),
(28, 2131, '2023-07-31 17:45:00', '21500000000', '100000000', '2023-07-28 10:22:03', '2023-07-28 10:22:03'),
(44, 2132, '2023-08-03 17:45:00', '23500000000', '400000000', '2023-08-03 16:45:12', '2023-08-03 16:45:12'),
(45, 2133, '2023-08-07 17:45:00', '25500000000', '100000000', '2023-08-07 09:33:54', '2023-08-07 09:33:54'),
(47, 2134, '2023-08-10 17:45:00', '27500000000', '100000000', '2023-08-08 14:42:33', '2023-08-08 14:42:33'),
(48, 2135, '2023-08-14 17:45:00', '29500000000', '100000000', '2023-08-11 09:08:58', '2023-08-11 09:08:58'),
(49, 2136, '2023-08-17 17:45:00', '32000000000', '400000000', '2023-08-16 09:49:28', '2023-08-16 09:49:28'),
(50, 2137, '2023-08-21 17:45:00', '34000000000', '100000000', '2023-08-18 09:12:34', '2023-08-18 09:12:34');

-- --------------------------------------------------------

--
-- Table structure for table `loto`
--

CREATE TABLE `loto` (
  `id` int(11) NOT NULL,
  `order_id` int(11) NOT NULL,
  `ticketId` int(11) DEFAULT NULL,
  `drawNumber` int(11) NOT NULL,
  `numdraws` int(11) NOT NULL,
  `withZeed` tinyint(4) NOT NULL COMMENT '1 if yes 0 if no',
  `bouquet` tinyint(4) NOT NULL COMMENT '1 if yes 0 if no',
  `gridSelected` text NOT NULL,
  `zeednumbers` text DEFAULT NULL,
  `price` int(11) NOT NULL,
  `currency` varchar(11) NOT NULL,
  `errorInfo` text DEFAULT NULL,
  `created` datetime NOT NULL DEFAULT current_timestamp(),
  `updated` datetime NOT NULL DEFAULT current_timestamp() ON UPDATE current_timestamp()
) ENGINE=InnoDB DEFAULT CHARSET=utf8mb4;

--
-- Dumping data for table `loto`
--

INSERT INTO `loto` (`id`, `order_id`, `ticketId`, `drawNumber`, `numdraws`, `withZeed`, `bouquet`, `gridSelected`, `zeednumbers`, `price`, `currency`, `errorInfo`, `created`, `updated`) VALUES
(211, 221, 5227340, 2131, 1, 1, 0, '7 11 31 24 4 19', '12345', 55000, 'LBP', NULL, '2023-07-28 15:45:00', '2023-08-02 11:28:44'),
(212, 221, 5227340, 2131, 1, 1, 0, '29 7 42 9 31 35', '12345', 55000, 'LBP', NULL, '2023-07-28 00:00:00', '2023-08-02 11:28:48'),
(213, 221, 0, 2131, 1, 0, 0, '39 35 21 24 41 10|7 34 29 15 32 9', NULL, 100000, 'LBP', '{\"errorCode\":2,\"errorMsg\":\"Token has expired. Please Login Again\"}', '2023-07-28 13:28:57', '2023-08-02 11:29:07'),
(214, 222, 5227340, 2131, 1, 1, 0, '21 36 5 22 38 24', '12345', 55000, 'LBP', NULL, '2023-07-31 15:13:57', '2023-07-31 15:31:23'),
(215, 222, 5227340, 2131, 1, 1, 0, '22 20 1 31 18 5', '12345', 55000, 'LBP', NULL, '2023-07-31 15:13:57', '2023-07-31 15:31:24'),
(216, 222, 0, 2131, 1, 0, 0, '36 12 22 16 19 29|23 35 5 3 6 1', NULL, 100000, 'LBP', '{\"errorCode\":2,\"errorMsg\":\"Token has expired. Please Login Again\"}', '2023-07-31 15:13:57', '2023-07-31 15:18:00'),
(217, 223, 0, 2131, 1, 1, 0, '4 26 18 14 20 36', NULL, 55000, 'LBP', NULL, '2023-07-31 15:34:02', '2023-07-31 15:34:02'),
(218, 223, 0, 2131, 1, 1, 0, '3 28 33 24 21 39', NULL, 55000, 'LBP', NULL, '2023-07-31 15:34:02', '2023-07-31 15:34:02'),
(219, 223, 0, 2131, 1, 0, 0, '19 6 14 18 27 1|9 39 36 34 38 30', NULL, 100000, 'LBP', NULL, '2023-07-31 15:34:02', '2023-07-31 15:34:02'),
(220, 224, 5227340, 2131, 1, 1, 0, '4 26 18 14 20 36', '12345', 55000, 'LBP', NULL, '2023-07-31 15:40:40', '2023-07-31 15:40:59'),
(221, 224, 5227340, 2131, 1, 1, 0, '3 28 33 24 21 39', '12345', 55000, 'LBP', NULL, '2023-07-31 15:40:40', '2023-07-31 15:41:00'),
(222, 224, 0, 2131, 1, 0, 0, '19 6 14 18 27 1|9 39 36 34 38 30', NULL, 100000, 'LBP', '{\"errorCode\":2,\"errorMsg\":\"Token has expired. Please Login Again\"}', '2023-07-31 15:40:40', '2023-07-31 15:41:20'),
(223, 225, 5227340, 2131, 1, 1, 0, '41 28 2 8 15 42', '12345', 55000, 'LBP', NULL, '2023-07-31 16:20:33', '2023-07-31 16:21:35'),
(224, 225, 0, 2131, 1, 0, 0, '9 36 11 1 13 5', NULL, 50000, 'LBP', '{\"errorCode\":2,\"errorMsg\":\"Token has expired. Please Login Again\"}', '2023-07-31 16:20:33', '2023-07-31 16:21:55'),
(225, 226, 5227340, 2131, 1, 1, 0, '12 26 22 1 38 24', '12345', 55000, 'LBP', NULL, '2023-07-28 00:00:00', '2023-08-02 10:43:01'),
(226, 226, 0, 2131, 1, 0, 0, '36 42 26 7 23 5', NULL, 50000, 'LBP', '{\"errorCode\":2,\"errorMsg\":\"Token has expired. Please Login Again\"}', '2023-07-28 00:00:00', '2023-08-02 10:43:05'),
(227, 227, 5227340, 2131, 1, 0, 1, '1 2 3 4 5 6', '12345', 50000, 'LBP', NULL, '2023-07-31 16:29:36', '2023-07-31 16:30:00'),
(246, 236, 0, 2132, 1, 1, 0, '25 27 37 26 35 18', '12345', 55000, 'LBP', NULL, '2023-08-01 11:15:16', '2023-08-07 14:56:28'),
(247, 236, 5227340, 2132, 1, 0, 0, '4 12 23 26 34 2|23 12 34 31 19 5', '12345', 100000, 'LBP', NULL, '2023-08-01 11:15:16', '2023-08-07 16:18:30'),
(248, 237, 0, 2132, 1, 1, 0, '25 27 37 26 35 18', NULL, 55000, 'LBP', '{\"errorCode\":2,\"errorMsg\":\"Token has expired. Please Login Again\"}', '2023-08-01 11:18:50', '2023-08-01 12:12:50'),
(249, 237, 5227340, 2132, 1, 0, 0, '15 25 8 39 24 9|23 32 27 31 19 5', '12345', 100000, 'LBP', NULL, '2023-08-01 11:18:50', '2023-08-01 12:12:51'),
(250, 238, 0, 2132, 1, 1, 0, '33 8 23 32 34 27', NULL, 55000, 'LBP', '{\"errorCode\":2,\"errorMsg\":\"Token has expired. Please Login Again\"}', '2023-08-01 13:11:54', '2023-08-01 13:12:54'),
(251, 238, 5227340, 2132, 1, 0, 0, '7 6 30 41 40 11', '12345', 50000, 'LBP', NULL, '2023-08-01 13:11:54', '2023-08-01 13:12:55'),
(252, 239, 0, 2132, 1, 1, 0, '26 8 11 3 36 23', NULL, 55000, 'LBP', '{\"errorCode\":2,\"errorMsg\":\"Token has expired. Please Login Again\"}', '2023-08-01 13:53:55', '2023-08-01 13:55:02'),
(253, 239, 5227340, 2132, 1, 0, 0, '30 40 31 42 18 35', '12345', 50000, 'LBP', NULL, '2023-08-01 13:53:55', '2023-08-01 13:55:03'),
(288, 251, 0, 2132, 1, 1, 1, 'B1', NULL, 55000, 'LBP', '{\"errorCode\":2,\"errorMsg\":\"Token has expired. Please Login Again\"}', '2023-08-01 15:48:30', '2023-08-01 15:49:41'),
(289, 251, 5227340, 2132, 1, 0, 0, '26 11 41 29 34 12', '99984', 50000, 'LBP', NULL, '2023-08-01 15:48:30', '2023-08-11 10:21:42'),
(290, 251, 5227340, 2132, 1, 0, 1, '1 2 3 4 5 6', '12345', 50000, 'LBP', NULL, '2023-08-01 15:48:30', '2023-08-01 15:49:45'),
(291, 252, 0, 2132, 1, 0, 0, '20 2 17 39 5 27', NULL, 50000, 'LBP', NULL, '2023-08-01 16:09:36', '2023-08-01 16:09:36'),
(292, 253, 0, 2132, 1, 0, 0, '20 2 17 39 5 27', NULL, 50000, 'LBP', NULL, '2023-08-01 16:10:23', '2023-08-01 16:10:23'),
(293, 254, 0, 2132, 1, 1, 0, '36 17 11 2 31 20', NULL, 55000, 'LBP', '{\"errorCode\":2,\"errorMsg\":\"Token has expired. Please Login Again\"}', '2023-08-02 11:04:46', '2023-08-02 11:05:32'),
(294, 254, 5227340, 2132, 1, 0, 0, '26 18 11 27 14 17', '12345', 50000, 'LBP', NULL, '2023-08-02 11:04:46', '2023-08-02 11:05:33'),
(295, 255, 0, 2132, 1, 1, 0, '5 17 3 31 32 36', NULL, 55000, 'LBP', '{\"errorCode\":2,\"errorMsg\":\"Token has expired. Please Login Again\"}', '2023-08-02 11:08:56', '2023-08-02 11:09:24'),
(296, 256, 0, 2132, 1, 1, 0, '33 26 18 10 32 28', NULL, 55000, 'LBP', '{\"errorCode\":2,\"errorMsg\":\"Token has expired. Please Login Again\"}', '2023-08-02 11:29:56', '2023-08-02 11:30:29'),
(297, 257, 0, 2132, 1, 0, 0, '21 24 27 39 2 26', NULL, 50000, 'LBP', NULL, '2023-08-03 09:10:35', '2023-08-03 09:10:35'),
(298, 258, 0, 2132, 1, 0, 0, '21 24 27 39 2 26', NULL, 50000, 'LBP', NULL, '2023-08-03 09:11:03', '2023-08-03 09:11:03'),
(299, 259, 522111, 2132, 1, 0, 0, '1 2 3 4 5 6', NULL, 50000, 'LBP', NULL, '2023-07-30 10:03:38', '2023-08-03 10:04:56'),
(302, 262, 5227340, 2132, 1, 0, 0, '21 24 27 39 2 26', '12345', 50000, 'LBP', NULL, '2023-08-03 12:10:03', '2023-08-03 12:11:36'),
(303, 263, 0, 2132, 1, 1, 0, '40 5 14 39 13 32', NULL, 55000, 'LBP', '{\"errorCode\":2,\"errorMsg\":\"Token has expired. Please Login Again\"}', '2023-08-03 12:15:47', '2023-08-03 12:16:56'),
(304, 263, 5227340, 2132, 1, 0, 0, '17 24 26 13 33 8|37 9 29 16 41 15', '12345', 100000, 'LBP', NULL, '2023-08-03 12:15:47', '2023-08-03 12:16:57'),
(305, 263, 5227340, 2132, 1, 0, 1, '1 2 3 4 5 6', '12345', 50000, 'LBP', NULL, '2023-08-03 12:15:47', '2023-08-03 12:16:59'),
(306, 264, 5227340, 2132, 1, 0, 0, '4 9 12 6 30 36|23 32 15 4 24 19', '12345', 100000, 'LBP', NULL, '2023-08-03 13:07:50', '2023-08-07 16:56:24'),
(307, 265, 5227340, 2132, 1, 0, 0, '29 10 27 25 17 2|26 38 33 11 39 15', '12345', 100000, 'LBP', NULL, '2023-08-03 13:11:19', '2023-08-03 13:11:26'),
(308, 266, 5227340, 2132, 1, 0, 0, '21 33 1 39 28 23', '12345', 50000, 'LBP', NULL, '2023-08-03 13:14:14', '2023-08-03 13:14:19'),
(309, 267, 5227340, 2133, 1, 0, 1, '1 2 3 4 5 6', '12345', 50000, 'LBP', NULL, '2023-08-07 10:15:09', '2023-08-07 10:15:44'),
(310, 268, 0, 2133, 1, 1, 0, '36 8 37 1 28 22', NULL, 55000, 'LBP', '{\"errorCode\":2,\"errorMsg\":\"Token has expired. Please Login Again\"}', '2023-08-07 10:17:18', '2023-08-07 10:17:45'),
(311, 269, 5227340, 2133, 1, 0, 0, '15 8 26 9 10 33', '12345', 50000, 'LBP', NULL, '2023-08-07 10:17:57', '2023-08-07 10:18:06'),
(312, 270, 5227340, 2133, 1, 0, 0, '8 13 25 36 2 41', '12345', 50000, 'LBP', NULL, '2023-08-07 10:32:46', '2023-08-07 10:32:53'),
(313, 271, 5227340, 2133, 1, 0, 0, '7 24 42 29 30 35', '12345', 50000, 'LBP', NULL, '2023-08-07 10:34:11', '2023-08-07 10:37:20'),
(314, 272, 5227340, 2133, 1, 0, 0, '6 26 42 9 4 29', '12345', 50000, 'LBP', NULL, '2023-08-07 10:38:27', '2023-08-07 10:38:31'),
(315, 273, 5227340, 2133, 1, 0, 0, '3 42 25 22 9 40', '12345', 50000, 'LBP', NULL, '2023-08-07 10:47:27', '2023-08-07 10:47:50'),
(316, 274, 5227340, 2133, 1, 0, 0, '18 2 12 37 23 24', '12345', 50000, 'LBP', NULL, '2023-08-07 10:48:14', '2023-08-07 10:48:59'),
(317, 275, 5227340, 2133, 1, 0, 0, '41 24 22 13 30 27', '12345', 50000, 'LBP', NULL, '2023-08-07 10:50:03', '2023-08-07 10:51:42'),
(318, 276, 5227340, 2133, 1, 0, 0, '4 31 3 28 33 1', '12345', 50000, 'LBP', NULL, '2023-08-07 10:52:18', '2023-08-07 10:54:24'),
(319, 277, 5227340, 2133, 1, 0, 0, '14 8 17 35 37 33', '12345', 50000, 'LBP', NULL, '2023-08-07 10:54:53', '2023-08-07 10:55:59'),
(320, 278, 5227340, 2133, 1, 0, 0, '3 41 2 29 22 30', '12345', 50000, 'LBP', NULL, '2023-08-07 10:56:12', '2023-08-07 10:56:21'),
(321, 279, 5227340, 2133, 1, 0, 0, '6 39 19 36 35 10', '12345', 50000, 'LBP', NULL, '2023-08-07 10:57:12', '2023-08-07 11:02:01'),
(322, 280, 5227340, 2133, 1, 0, 0, '32 19 21 37 30 41', '12345', 50000, 'LBP', NULL, '2023-08-07 11:02:22', '2023-08-07 11:02:33'),
(323, 281, 5227340, 2133, 1, 0, 0, '7 15 24 32 29 2', '12345', 50000, 'LBP', NULL, '2023-08-07 11:04:36', '2023-08-07 11:04:42'),
(324, 282, 5227340, 2133, 1, 0, 0, '15 29 31 38 42 23', '12345', 50000, 'LBP', NULL, '2023-08-07 11:06:14', '2023-08-07 11:08:28'),
(325, 283, 5227340, 2133, 1, 0, 0, '39 11 30 38 19 13', '12345', 50000, 'LBP', NULL, '2023-08-07 11:08:43', '2023-08-07 11:08:50'),
(326, 284, 5227340, 2133, 1, 0, 0, '6 36 31 12 16 26', '12345', 50000, 'LBP', NULL, '2023-08-07 11:09:22', '2023-08-07 11:09:32'),
(327, 284, 5227340, 2133, 1, 0, 1, '1 2 3 4 5 6', '12345', 50000, 'LBP', NULL, '2023-08-07 11:09:22', '2023-08-07 11:09:35'),
(328, 285, 5227340, 2133, 1, 0, 0, '32 5 30 42 23 12', '12345', 50000, 'LBP', NULL, '2023-08-07 12:29:35', '2023-08-07 12:29:42'),
(329, 286, 0, 2133, 1, 0, 0, '8 41 9 18 16 7 13 19 26 33', NULL, 10500000, 'LBP', NULL, '2023-08-07 13:27:56', '2023-08-07 13:27:56'),
(330, 287, 5227340, 2133, 1, 0, 0, '28 1 33 9 42 35', '12345', 50000, 'LBP', NULL, '2023-08-07 13:34:54', '2023-08-07 13:34:59'),
(331, 288, 0, 2133, 1, 1, 1, 'B1', NULL, 55000, 'LBP', '{\"errorCode\":2,\"errorMsg\":\"Token has expired. Please Login Again\"}', '2023-08-07 13:36:09', '2023-08-07 13:36:30'),
(332, 288, 5227340, 2133, 1, 0, 1, '1 2 3 4 5 6', '12345', 50000, 'LBP', NULL, '2023-08-07 13:36:09', '2023-08-07 13:36:32'),
(333, 289, 0, 2134, 1, 0, 0, '39 29 36 19 11 24 42 33 20 22', NULL, 10500000, 'LBP', NULL, '2023-08-09 11:24:32', '2023-08-09 11:24:32'),
(334, 290, 5227340, 2134, 1, 0, 0, '24 27 20 37 15 9', '12345', 50000, 'LBP', NULL, '2023-08-09 11:25:05', '2023-08-09 11:25:41'),
(335, 291, 5227340, 2134, 1, 0, 0, '18 3 6 16 27 32', '12345', 50000, 'LBP', NULL, '2023-08-09 11:32:30', '2023-08-09 11:32:34'),
(336, 292, 5248049, 2134, 1, 0, 0, '18 3 6 16 27 32', NULL, 50000, 'LBP', NULL, '2023-08-09 11:38:27', '2023-08-09 11:38:32'),
(337, 293, 55, 2134, 1, 1, 0, '26 12 35 24 33 41', '12345', 55000, 'LBP', NULL, '2023-08-09 11:41:35', '2023-08-11 09:14:00'),
(338, 293, 55, 2134, 1, 0, 0, '7 2 28 18 11 3|41 20 33 15 6 17', '12345', 100000, 'LBP', NULL, '2023-08-09 11:41:35', '2023-08-11 09:14:02'),
(339, 293, 55, 2134, 1, 0, 1, '1 2 3 4 5 6', '12345', 50000, 'LBP', NULL, '2023-08-09 11:41:35', '2023-08-11 09:14:05'),
(340, 294, 0, 2134, 1, 1, 0, '2 17 21 37 23 24', NULL, 55000, 'LBP', NULL, '2023-08-09 12:53:15', '2023-08-09 12:53:15'),
(341, 294, 0, 2134, 1, 0, 0, '1 32 29 39 26 11|13 40 2 27 5 38', NULL, 100000, 'LBP', NULL, '2023-08-09 12:53:15', '2023-08-09 12:53:15'),
(342, 294, 0, 2134, 1, 0, 1, 'B1', NULL, 50000, 'LBP', NULL, '2023-08-09 12:53:15', '2023-08-09 12:53:15'),
(343, 295, 0, 2134, 1, 1, 0, '2 17 21 37 23 24', NULL, 55000, 'LBP', NULL, '2023-08-09 12:54:45', '2023-08-09 12:54:45'),
(344, 295, 0, 2134, 1, 0, 0, '1 32 29 39 26 11|13 40 2 27 5 38', NULL, 100000, 'LBP', NULL, '2023-08-09 12:54:45', '2023-08-09 12:54:45'),
(345, 295, 0, 2134, 1, 0, 1, 'B1', NULL, 50000, 'LBP', NULL, '2023-08-09 12:54:45', '2023-08-09 12:54:45'),
(346, 296, 0, 2134, 1, 1, 0, '2 17 21 37 23 24', NULL, 55000, 'LBP', NULL, '2023-08-09 12:58:32', '2023-08-09 12:58:32'),
(347, 296, 0, 2134, 1, 0, 0, '1 32 29 39 26 11|13 40 2 27 5 38', NULL, 100000, 'LBP', NULL, '2023-08-09 12:58:32', '2023-08-09 12:58:32'),
(348, 296, 0, 2134, 1, 0, 1, 'B1', NULL, 50000, 'LBP', NULL, '2023-08-09 12:58:32', '2023-08-09 12:58:32'),
(349, 296, 0, 2134, 1, 1, 0, '2 17 21 37 23 24', NULL, 55000, 'LBP', NULL, '2023-08-09 13:00:21', '2023-08-09 13:00:21'),
(350, 297, 0, 2134, 1, 1, 0, '2 17 21 37 23 24', NULL, 55000, 'LBP', NULL, '2023-08-09 13:00:21', '2023-08-09 13:00:21'),
(351, 296, 0, 2134, 1, 0, 0, '1 32 29 39 26 11|13 40 2 27 5 38', NULL, 100000, 'LBP', NULL, '2023-08-09 13:00:21', '2023-08-09 13:00:21'),
(352, 296, 0, 2134, 1, 0, 1, 'B1', NULL, 50000, 'LBP', NULL, '2023-08-09 13:00:21', '2023-08-09 13:00:21'),
(353, 298, 0, 2134, 1, 1, 0, '2 17 21 37 23 24', NULL, 55000, 'LBP', NULL, '2023-08-09 13:00:58', '2023-08-09 13:00:58'),
(354, 298, 0, 2134, 1, 0, 0, '1 32 29 39 26 11|13 40 2 27 5 38', NULL, 100000, 'LBP', NULL, '2023-08-09 13:00:58', '2023-08-09 13:00:58'),
(355, 298, 0, 2134, 1, 0, 1, 'B1', NULL, 50000, 'LBP', NULL, '2023-08-09 13:00:58', '2023-08-09 13:00:58'),
(356, 299, 0, 2134, 1, 1, 0, '2 17 21 37 23 24', NULL, 55000, 'LBP', NULL, '2023-08-09 13:04:23', '2023-08-09 13:04:23'),
(357, 299, 0, 2134, 1, 0, 0, '1 32 29 39 26 11|13 40 2 27 5 38', NULL, 100000, 'LBP', NULL, '2023-08-09 13:04:23', '2023-08-09 13:04:23'),
(358, 299, 0, 2134, 1, 0, 1, 'B1', NULL, 50000, 'LBP', NULL, '2023-08-09 13:04:23', '2023-08-09 13:04:23'),
(359, 300, 0, 2134, 1, 0, 0, '3 6 41 7 42 38', NULL, 50000, 'LBP', NULL, '2023-08-09 13:05:30', '2023-08-09 13:05:30'),
(360, 301, 0, 2134, 1, 0, 0, '3 6 41 7 42 38', NULL, 50000, 'LBP', NULL, '2023-08-09 13:06:12', '2023-08-09 13:06:12'),
(361, 302, 0, 2134, 1, 0, 0, '3 6 41 7 42 38', NULL, 50000, 'LBP', NULL, '2023-08-09 13:09:44', '2023-08-09 13:09:44'),
(362, 303, 0, 2134, 1, 1, 0, '2 17 21 37 23 24', NULL, 55000, 'LBP', NULL, '2023-08-09 13:10:07', '2023-08-09 13:10:07'),
(363, 303, 0, 2134, 1, 0, 0, '1 32 29 39 26 11|13 40 2 27 5 38', NULL, 100000, 'LBP', NULL, '2023-08-09 13:10:07', '2023-08-09 13:10:07'),
(364, 303, 0, 2134, 1, 0, 1, 'B1', NULL, 50000, 'LBP', NULL, '2023-08-09 13:10:07', '2023-08-09 13:10:07'),
(365, 304, 0, 2134, 1, 1, 0, '2 17 21 37 23 24', NULL, 55000, 'LBP', NULL, '2023-08-09 14:36:49', '2023-08-09 14:36:49'),
(366, 304, 0, 2134, 1, 0, 0, '1 32 29 39 26 11|13 40 2 27 5 38', NULL, 100000, 'LBP', NULL, '2023-08-09 14:36:49', '2023-08-09 14:36:49'),
(367, 304, 0, 2134, 1, 0, 1, 'B1', NULL, 50000, 'LBP', NULL, '2023-08-09 14:36:49', '2023-08-09 14:36:49'),
(368, 304, 0, 2134, 1, 0, 0, '3 6 41 7 42 38', NULL, 50000, 'LBP', NULL, '2023-08-09 14:40:19', '2023-08-09 14:40:19'),
(369, 306, 0, 2134, 1, 0, 0, '3 6 41 7 42 38', NULL, 50000, 'LBP', NULL, '2023-08-09 14:59:56', '2023-08-09 14:59:56'),
(370, 307, 5248136, 2134, 1, 1, 0, '2 17 21 37 23 24', '53288', 55000, 'LBP', NULL, '2023-08-09 15:03:08', '2023-08-09 15:03:16'),
(371, 307, 5248137, 2134, 1, 0, 0, '1 32 29 39 26 11|13 40 2 27 5 38', NULL, 100000, 'LBP', NULL, '2023-08-09 15:03:08', '2023-08-09 15:03:19'),
(372, 307, 0, 2134, 1, 0, 1, 'B1', NULL, 50000, 'LBP', NULL, '2023-08-09 15:03:08', '2023-08-09 15:03:08'),
(373, 308, 55, 2134, 1, 1, 0, '1 7 29 11 41 17', '69949', 55000, 'LBP', NULL, '2023-08-09 15:06:43', '2023-08-11 14:54:44'),
(374, 308, 55, 2134, 1, 0, 0, '18 35 17 1 34 5|5 19 20 3 27 25', NULL, 100000, 'LBP', NULL, '2023-08-09 15:06:43', '2023-08-11 14:54:47'),
(375, 308, 55, 2134, 1, 0, 1, '1 2 3 4 5 6', NULL, 50000, 'LBP', NULL, '2023-08-09 15:06:43', '2023-08-11 14:54:50'),
(376, 309, 55, 2134, 1, 0, 0, '3 6 41 7 42 38', NULL, 50000, 'LBP', NULL, '2023-08-10 09:37:59', '2023-08-10 13:12:50'),
(377, 309, 55, 2134, 1, 0, 0, '3 6 41 7 42 38', NULL, 50000, 'LBP', NULL, '2023-08-10 09:40:22', '2023-08-10 13:12:52'),
(378, 309, 55, 2134, 1, 0, 0, '3 6 41 7 42 38', NULL, 50000, 'LBP', NULL, '2023-08-10 09:42:06', '2023-08-10 13:12:54'),
(379, 312, 55, 2134, 1, 0, 0, '3 6 41 7 42 38', NULL, 50000, 'LBP', NULL, '2023-08-10 09:43:20', '2023-08-10 13:12:51'),
(380, 313, 55, 2134, 1, 0, 0, '3 6 41 7 42 38', NULL, 50000, 'LBP', NULL, '2023-08-10 10:00:30', '2023-08-10 13:12:53'),
(381, 314, 55, 2134, 1, 0, 0, '3 6 41 7 42 38', NULL, 50000, 'LBP', NULL, '2023-08-10 10:01:12', '2023-08-10 13:12:55'),
(382, 314, 55, 2134, 1, 0, 0, '3 6 41 7 42 38', NULL, 50000, 'LBP', NULL, '2023-08-10 10:05:06', '2023-08-10 13:12:57'),
(383, 316, 0, 2134, 1, 0, 0, '3 6 41 7 42 38', NULL, 50000, 'LBP', NULL, '2023-08-10 12:16:44', '2023-08-10 12:16:44'),
(384, 317, 0, 2134, 1, 0, 0, '3 6 41 7 42 38', NULL, 50000, 'LBP', NULL, '2023-08-10 14:08:00', '2023-08-10 14:08:00'),
(385, 318, 0, 2134, 1, 0, 0, '3 6 41 7 42 38', NULL, 50000, 'LBP', NULL, '2023-08-10 14:08:43', '2023-08-10 14:08:43'),
(386, 319, 0, 2134, 1, 0, 0, '3 6 41 7 42 38', NULL, 50000, 'LBP', NULL, '2023-08-10 14:13:18', '2023-08-10 14:13:18'),
(387, 319, 0, 2134, 1, 0, 0, '3 6 41 7 42 38', NULL, 50000, 'LBP', NULL, '2023-08-10 14:19:56', '2023-08-10 14:19:56'),
(388, 319, 0, 2134, 1, 0, 0, '3 6 41 7 42 38', NULL, 50000, 'LBP', NULL, '2023-08-10 14:20:47', '2023-08-10 14:20:47'),
(389, 319, 0, 2134, 1, 0, 0, '3 6 41 7 42 38', NULL, 50000, 'LBP', NULL, '2023-08-10 14:21:32', '2023-08-10 14:21:32'),
(390, 319, 0, 2134, 1, 0, 0, '3 6 41 7 42 38', NULL, 50000, 'LBP', NULL, '2023-08-10 14:23:46', '2023-08-10 14:23:46'),
(391, 324, 0, 2134, 1, 0, 0, '3 6 41 7 42 38', NULL, 50000, 'LBP', NULL, '2023-08-10 14:24:28', '2023-08-10 14:24:28'),
(392, 324, 0, 2134, 1, 0, 0, '3 6 41 7 42 38', NULL, 50000, 'LBP', NULL, '2023-08-10 15:56:56', '2023-08-10 15:56:56'),
(393, 326, 5251885, 2135, 1, 0, 0, '3 6 41 7 42 38', NULL, 50000, 'LBP', NULL, '2023-08-11 10:58:05', '2023-08-11 11:04:49'),
(394, 327, 5251913, 2135, 1, 0, 0, '38 16 31 4 21 36', NULL, 50000, 'LBP', NULL, '2023-08-11 11:49:17', '2023-08-11 11:50:18'),
(396, 329, 0, 2135, 1, 0, 0, '38 16 31 4 21 36', NULL, 50000, 'LBP', NULL, '2023-08-11 11:58:39', '2023-08-11 11:58:39'),
(397, 330, 0, 2135, 1, 0, 0, '16 41 10 23 33 25', NULL, 50000, 'LBP', NULL, '2023-08-11 12:01:50', '2023-08-11 12:01:50'),
(398, 331, 0, 2135, 1, 0, 0, '11 18 42 37 35 2', NULL, 50000, 'LBP', NULL, '2023-08-11 12:03:00', '2023-08-11 12:03:00'),
(399, 332, 0, 2135, 1, 0, 0, '10 34 18 42 13 6', NULL, 50000, 'LBP', NULL, '2023-08-11 12:03:35', '2023-08-11 12:03:35'),
(400, 333, 0, 2135, 1, 0, 0, '10 34 18 42 13 6', NULL, 50000, 'LBP', NULL, '2023-08-11 12:58:10', '2023-08-11 12:58:10'),
(401, 334, 0, 2135, 1, 0, 1, 'B1', NULL, 50000, 'LBP', NULL, '2023-08-11 14:57:39', '2023-08-11 14:57:39'),
(402, 335, 5251944, 2135, 1, 1, 0, '41 42 11 25 16 35', NULL, 55000, 'LBP', NULL, '2023-08-11 14:59:12', '2023-08-11 14:59:22'),
(403, 335, 5251944, 2135, 1, 0, 0, '20 29 21 37 11 4|2 18 9 25 6 40', NULL, 100000, 'LBP', NULL, '2023-08-11 14:59:12', '2023-08-11 14:59:25'),
(404, 335, 5251944, 2135, 1, 0, 1, '6 10 13 18 34 42', '12345', 50000, 'LBP', NULL, '2023-08-11 14:59:12', '2023-08-16 11:45:15'),
(405, 336, 5251944, 2135, 1, 1, 0, '27 22 2 36 10 13', NULL, 55000, 'LBP', NULL, '2023-08-11 15:05:10', '2023-08-11 15:05:14'),
(406, 336, 5251944, 2135, 1, 0, 0, '9 27 12 7 40 18|5 22 33 35 41 18', NULL, 100000, 'LBP', NULL, '2023-08-11 15:05:10', '2023-08-11 15:05:17'),
(407, 336, 5251944, 2135, 1, 0, 1, '6 10 13 18 34 42', NULL, 50000, 'LBP', NULL, '2023-08-11 15:05:10', '2023-08-16 11:48:04'),
(408, 337, 55, 2136, 2, 1, 0, '10 9 19 23 17 20', NULL, 55000, 'LBP', NULL, '2023-08-11 15:07:42', '2023-08-16 10:43:00'),
(409, 338, 0, 2136, 3, 0, 0, '16 15 41 26 21 34|41 11 35 38 23 16', NULL, 100000, 'LBP', NULL, '2023-08-11 15:07:42', '2023-08-16 10:42:38'),
(410, 338, 0, 2136, 2, 0, 1, '1 2 3 4 5 6', NULL, 50000, 'LBP', NULL, '2023-08-11 15:07:42', '2023-08-16 10:42:40'),
(411, 337, 55, 2136, 8, 1, 0, '5 15 17 20 35 42|2 8 25 33 37 42', NULL, 100000, 'LBP', NULL, '2023-08-11 15:15:39', '2023-08-16 10:41:48'),
(459, 337, 55, 2137, 2, 1, 0, '10 9 19 23 17 20', NULL, 55000, 'LBP', NULL, '2023-08-16 10:43:01', '2023-08-16 10:43:01'),
(460, 365, 55, 2136, 2, 0, 0, '10 21 15 1 27 24', NULL, 50000, 'LBP', NULL, '2023-08-16 10:48:45', '2023-08-16 10:49:40'),
(461, 365, 55, 2137, 2, 0, 0, '10 21 15 1 27 24', NULL, 50000, 'LBP', NULL, '2023-08-16 10:49:41', '2023-08-16 10:49:41'),
(462, 369, 55, 2136, 2, 0, 0, '1 21 39 32 4 18', NULL, 50000, 'LBP', NULL, '2023-08-16 11:00:48', '2023-08-16 11:00:54'),
(463, 369, 55, 2137, 2, 0, 0, '1 21 39 32 4 18', NULL, 50000, 'LBP', NULL, '2023-08-16 11:00:55', '2023-08-16 11:00:55'),
(464, 371, 55, 2136, 2, 1, 0, '24 29 34 40 33 36', NULL, 55000, 'LBP', NULL, '2023-08-16 16:00:28', '2023-08-16 16:01:44'),
(465, 371, 55, 2136, 2, 0, 0, '22 39 31 12 19 2', NULL, 50000, 'LBP', NULL, '2023-08-16 16:00:28', '2023-08-16 16:01:47'),
(466, 371, 55, 2136, 2, 0, 1, '1 2 3 4 5 6', NULL, 50000, 'LBP', NULL, '2023-08-16 16:00:28', '2023-08-16 16:01:52'),
(467, 371, 55, 2137, 2, 1, 0, '24 29 34 40 33 36', NULL, 55000, 'LBP', NULL, '2023-08-16 16:01:45', '2023-08-16 16:01:45'),
(468, 371, 55, 2137, 2, 0, 0, '22 39 31 12 19 2', NULL, 50000, 'LBP', NULL, '2023-08-16 16:01:48', '2023-08-16 16:01:48'),
(469, 371, 55, 2137, 2, 0, 1, '1 2 3 4 5 6', NULL, 50000, 'LBP', NULL, '2023-08-16 16:01:52', '2023-08-16 16:01:52'),
(470, 372, 55, 2136, 1, 0, 0, '37 5 8 23 18 39', NULL, 50000, 'LBP', NULL, '2023-08-16 16:08:30', '2023-08-16 16:08:35'),
(471, 373, 0, 2136, 1, 0, 0, '5 23 21 2 14 37|42 15 33 41 19 18|10 17 18 25 32 31 38 40 33 27', NULL, 10600000, 'LBP', NULL, '2023-08-17 09:10:47', '2023-08-17 09:10:47'),
(472, 374, 55, 2136, 104, 0, 0, '3 30 1 2 13 38', NULL, 50000, 'LBP', NULL, '2023-08-17 09:25:10', '2023-08-17 09:30:37'),
(475, 374, 55, 2137, 104, 0, 0, '3 30 1 2 13 38', NULL, 50000, 'LBP', NULL, '2023-08-17 09:30:38', '2023-08-17 09:30:38'),
(476, 374, 55, 2138, 104, 0, 0, '3 30 1 2 13 38', NULL, 50000, 'LBP', NULL, '2023-08-17 09:30:38', '2023-08-17 09:30:38'),
(477, 374, 55, 2139, 104, 0, 0, '3 30 1 2 13 38', NULL, 50000, 'LBP', NULL, '2023-08-17 09:30:38', '2023-08-17 09:30:38'),
(478, 374, 55, 2140, 104, 0, 0, '3 30 1 2 13 38', NULL, 50000, 'LBP', NULL, '2023-08-17 09:30:38', '2023-08-17 09:30:38'),
(479, 374, 55, 2141, 104, 0, 0, '3 30 1 2 13 38', NULL, 50000, 'LBP', NULL, '2023-08-17 09:30:38', '2023-08-17 09:30:38'),
(480, 374, 55, 2142, 104, 0, 0, '3 30 1 2 13 38', NULL, 50000, 'LBP', NULL, '2023-08-17 09:30:38', '2023-08-17 09:30:38'),
(481, 374, 55, 2143, 104, 0, 0, '3 30 1 2 13 38', NULL, 50000, 'LBP', NULL, '2023-08-17 09:30:38', '2023-08-17 09:30:38'),
(482, 374, 55, 2144, 104, 0, 0, '3 30 1 2 13 38', NULL, 50000, 'LBP', NULL, '2023-08-17 09:30:38', '2023-08-17 09:30:38'),
(483, 374, 55, 2145, 104, 0, 0, '3 30 1 2 13 38', NULL, 50000, 'LBP', NULL, '2023-08-17 09:30:38', '2023-08-17 09:30:38'),
(484, 374, 55, 2146, 104, 0, 0, '3 30 1 2 13 38', NULL, 50000, 'LBP', NULL, '2023-08-17 09:30:38', '2023-08-17 09:30:38'),
(485, 374, 55, 2147, 104, 0, 0, '3 30 1 2 13 38', NULL, 50000, 'LBP', NULL, '2023-08-17 09:30:38', '2023-08-17 09:30:38'),
(486, 374, 55, 2148, 104, 0, 0, '3 30 1 2 13 38', NULL, 50000, 'LBP', NULL, '2023-08-17 09:30:38', '2023-08-17 09:30:38'),
(487, 374, 55, 2149, 104, 0, 0, '3 30 1 2 13 38', NULL, 50000, 'LBP', NULL, '2023-08-17 09:30:38', '2023-08-17 09:30:38'),
(488, 374, 55, 2150, 104, 0, 0, '3 30 1 2 13 38', NULL, 50000, 'LBP', NULL, '2023-08-17 09:30:38', '2023-08-17 09:30:38'),
(489, 374, 55, 2151, 104, 0, 0, '3 30 1 2 13 38', NULL, 50000, 'LBP', NULL, '2023-08-17 09:30:38', '2023-08-17 09:30:38'),
(490, 374, 55, 2152, 104, 0, 0, '3 30 1 2 13 38', NULL, 50000, 'LBP', NULL, '2023-08-17 09:30:38', '2023-08-17 09:30:38'),
(491, 374, 55, 2153, 104, 0, 0, '3 30 1 2 13 38', NULL, 50000, 'LBP', NULL, '2023-08-17 09:30:38', '2023-08-17 09:30:38'),
(492, 374, 55, 2154, 104, 0, 0, '3 30 1 2 13 38', NULL, 50000, 'LBP', NULL, '2023-08-17 09:30:38', '2023-08-17 09:30:38'),
(493, 374, 55, 2155, 104, 0, 0, '3 30 1 2 13 38', NULL, 50000, 'LBP', NULL, '2023-08-17 09:30:38', '2023-08-17 09:30:38'),
(494, 374, 55, 2156, 104, 0, 0, '3 30 1 2 13 38', NULL, 50000, 'LBP', NULL, '2023-08-17 09:30:38', '2023-08-17 09:30:38'),
(495, 374, 55, 2157, 104, 0, 0, '3 30 1 2 13 38', NULL, 50000, 'LBP', NULL, '2023-08-17 09:30:38', '2023-08-17 09:30:38'),
(496, 374, 55, 2158, 104, 0, 0, '3 30 1 2 13 38', NULL, 50000, 'LBP', NULL, '2023-08-17 09:30:38', '2023-08-17 09:30:38'),
(497, 374, 55, 2159, 104, 0, 0, '3 30 1 2 13 38', NULL, 50000, 'LBP', NULL, '2023-08-17 09:30:38', '2023-08-17 09:30:38'),
(498, 374, 55, 2160, 104, 0, 0, '3 30 1 2 13 38', NULL, 50000, 'LBP', NULL, '2023-08-17 09:30:38', '2023-08-17 09:30:38'),
(499, 374, 55, 2161, 104, 0, 0, '3 30 1 2 13 38', NULL, 50000, 'LBP', NULL, '2023-08-17 09:30:38', '2023-08-17 09:30:38'),
(500, 374, 55, 2162, 104, 0, 0, '3 30 1 2 13 38', NULL, 50000, 'LBP', NULL, '2023-08-17 09:30:38', '2023-08-17 09:30:38'),
(501, 374, 55, 2163, 104, 0, 0, '3 30 1 2 13 38', NULL, 50000, 'LBP', NULL, '2023-08-17 09:30:38', '2023-08-17 09:30:38'),
(502, 374, 55, 2164, 104, 0, 0, '3 30 1 2 13 38', NULL, 50000, 'LBP', NULL, '2023-08-17 09:30:38', '2023-08-17 09:30:38'),
(503, 374, 55, 2165, 104, 0, 0, '3 30 1 2 13 38', NULL, 50000, 'LBP', NULL, '2023-08-17 09:30:38', '2023-08-17 09:30:38'),
(504, 374, 55, 2166, 104, 0, 0, '3 30 1 2 13 38', NULL, 50000, 'LBP', NULL, '2023-08-17 09:30:38', '2023-08-17 09:30:38'),
(505, 374, 55, 2167, 104, 0, 0, '3 30 1 2 13 38', NULL, 50000, 'LBP', NULL, '2023-08-17 09:30:38', '2023-08-17 09:30:38'),
(506, 374, 55, 2168, 104, 0, 0, '3 30 1 2 13 38', NULL, 50000, 'LBP', NULL, '2023-08-17 09:30:38', '2023-08-17 09:30:38'),
(507, 374, 55, 2169, 104, 0, 0, '3 30 1 2 13 38', NULL, 50000, 'LBP', NULL, '2023-08-17 09:30:38', '2023-08-17 09:30:38'),
(508, 374, 55, 2170, 104, 0, 0, '3 30 1 2 13 38', NULL, 50000, 'LBP', NULL, '2023-08-17 09:30:38', '2023-08-17 09:30:38'),
(509, 374, 55, 2171, 104, 0, 0, '3 30 1 2 13 38', NULL, 50000, 'LBP', NULL, '2023-08-17 09:30:38', '2023-08-17 09:30:38'),
(510, 374, 55, 2172, 104, 0, 0, '3 30 1 2 13 38', NULL, 50000, 'LBP', NULL, '2023-08-17 09:30:38', '2023-08-17 09:30:38'),
(511, 374, 55, 2173, 104, 0, 0, '3 30 1 2 13 38', NULL, 50000, 'LBP', NULL, '2023-08-17 09:30:38', '2023-08-17 09:30:38'),
(512, 374, 55, 2174, 104, 0, 0, '3 30 1 2 13 38', NULL, 50000, 'LBP', NULL, '2023-08-17 09:30:38', '2023-08-17 09:30:38'),
(513, 374, 55, 2175, 104, 0, 0, '3 30 1 2 13 38', NULL, 50000, 'LBP', NULL, '2023-08-17 09:30:38', '2023-08-17 09:30:38'),
(514, 374, 55, 2176, 104, 0, 0, '3 30 1 2 13 38', NULL, 50000, 'LBP', NULL, '2023-08-17 09:30:38', '2023-08-17 09:30:38'),
(515, 374, 55, 2177, 104, 0, 0, '3 30 1 2 13 38', NULL, 50000, 'LBP', NULL, '2023-08-17 09:30:38', '2023-08-17 09:30:38'),
(516, 374, 55, 2178, 104, 0, 0, '3 30 1 2 13 38', NULL, 50000, 'LBP', NULL, '2023-08-17 09:30:38', '2023-08-17 09:30:38'),
(517, 374, 55, 2179, 104, 0, 0, '3 30 1 2 13 38', NULL, 50000, 'LBP', NULL, '2023-08-17 09:30:38', '2023-08-17 09:30:38'),
(518, 374, 55, 2180, 104, 0, 0, '3 30 1 2 13 38', NULL, 50000, 'LBP', NULL, '2023-08-17 09:30:38', '2023-08-17 09:30:38'),
(519, 374, 55, 2181, 104, 0, 0, '3 30 1 2 13 38', NULL, 50000, 'LBP', NULL, '2023-08-17 09:30:38', '2023-08-17 09:30:38'),
(520, 374, 55, 2182, 104, 0, 0, '3 30 1 2 13 38', NULL, 50000, 'LBP', NULL, '2023-08-17 09:30:38', '2023-08-17 09:30:38'),
(521, 374, 55, 2183, 104, 0, 0, '3 30 1 2 13 38', NULL, 50000, 'LBP', NULL, '2023-08-17 09:30:38', '2023-08-17 09:30:38'),
(522, 374, 55, 2184, 104, 0, 0, '3 30 1 2 13 38', NULL, 50000, 'LBP', NULL, '2023-08-17 09:30:38', '2023-08-17 09:30:38'),
(523, 374, 55, 2185, 104, 0, 0, '3 30 1 2 13 38', NULL, 50000, 'LBP', NULL, '2023-08-17 09:30:38', '2023-08-17 09:30:38'),
(524, 374, 55, 2186, 104, 0, 0, '3 30 1 2 13 38', NULL, 50000, 'LBP', NULL, '2023-08-17 09:30:38', '2023-08-17 09:30:38'),
(525, 374, 55, 2187, 104, 0, 0, '3 30 1 2 13 38', NULL, 50000, 'LBP', NULL, '2023-08-17 09:30:38', '2023-08-17 09:30:38'),
(526, 374, 55, 2188, 104, 0, 0, '3 30 1 2 13 38', NULL, 50000, 'LBP', NULL, '2023-08-17 09:30:38', '2023-08-17 09:30:38'),
(527, 374, 55, 2189, 104, 0, 0, '3 30 1 2 13 38', NULL, 50000, 'LBP', NULL, '2023-08-17 09:30:38', '2023-08-17 09:30:38'),
(528, 374, 55, 2190, 104, 0, 0, '3 30 1 2 13 38', NULL, 50000, 'LBP', NULL, '2023-08-17 09:30:38', '2023-08-17 09:30:38'),
(529, 374, 55, 2191, 104, 0, 0, '3 30 1 2 13 38', NULL, 50000, 'LBP', NULL, '2023-08-17 09:30:38', '2023-08-17 09:30:38'),
(530, 374, 55, 2192, 104, 0, 0, '3 30 1 2 13 38', NULL, 50000, 'LBP', NULL, '2023-08-17 09:30:38', '2023-08-17 09:30:38'),
(531, 374, 55, 2193, 104, 0, 0, '3 30 1 2 13 38', NULL, 50000, 'LBP', NULL, '2023-08-17 09:30:38', '2023-08-17 09:30:38'),
(532, 374, 55, 2194, 104, 0, 0, '3 30 1 2 13 38', NULL, 50000, 'LBP', NULL, '2023-08-17 09:30:38', '2023-08-17 09:30:38'),
(533, 374, 55, 2195, 104, 0, 0, '3 30 1 2 13 38', NULL, 50000, 'LBP', NULL, '2023-08-17 09:30:38', '2023-08-17 09:30:38'),
(534, 374, 55, 2196, 104, 0, 0, '3 30 1 2 13 38', NULL, 50000, 'LBP', NULL, '2023-08-17 09:30:38', '2023-08-17 09:30:38'),
(535, 374, 55, 2197, 104, 0, 0, '3 30 1 2 13 38', NULL, 50000, 'LBP', NULL, '2023-08-17 09:30:38', '2023-08-17 09:30:38'),
(536, 374, 55, 2198, 104, 0, 0, '3 30 1 2 13 38', NULL, 50000, 'LBP', NULL, '2023-08-17 09:30:38', '2023-08-17 09:30:38'),
(537, 374, 55, 2199, 104, 0, 0, '3 30 1 2 13 38', NULL, 50000, 'LBP', NULL, '2023-08-17 09:30:38', '2023-08-17 09:30:38'),
(538, 374, 55, 2200, 104, 0, 0, '3 30 1 2 13 38', NULL, 50000, 'LBP', NULL, '2023-08-17 09:30:38', '2023-08-17 09:30:38'),
(539, 374, 55, 2201, 104, 0, 0, '3 30 1 2 13 38', NULL, 50000, 'LBP', NULL, '2023-08-17 09:30:38', '2023-08-17 09:30:38'),
(540, 374, 55, 2202, 104, 0, 0, '3 30 1 2 13 38', NULL, 50000, 'LBP', NULL, '2023-08-17 09:30:38', '2023-08-17 09:30:38'),
(541, 374, 55, 2203, 104, 0, 0, '3 30 1 2 13 38', NULL, 50000, 'LBP', NULL, '2023-08-17 09:30:38', '2023-08-17 09:30:38'),
(542, 374, 55, 2204, 104, 0, 0, '3 30 1 2 13 38', NULL, 50000, 'LBP', NULL, '2023-08-17 09:30:38', '2023-08-17 09:30:38'),
(543, 374, 55, 2205, 104, 0, 0, '3 30 1 2 13 38', NULL, 50000, 'LBP', NULL, '2023-08-17 09:30:38', '2023-08-17 09:30:38'),
(544, 374, 55, 2206, 104, 0, 0, '3 30 1 2 13 38', NULL, 50000, 'LBP', NULL, '2023-08-17 09:30:38', '2023-08-17 09:30:38'),
(545, 374, 55, 2207, 104, 0, 0, '3 30 1 2 13 38', NULL, 50000, 'LBP', NULL, '2023-08-17 09:30:38', '2023-08-17 09:30:38'),
(546, 374, 55, 2208, 104, 0, 0, '3 30 1 2 13 38', NULL, 50000, 'LBP', NULL, '2023-08-17 09:30:38', '2023-08-17 09:30:38'),
(547, 374, 55, 2209, 104, 0, 0, '3 30 1 2 13 38', NULL, 50000, 'LBP', NULL, '2023-08-17 09:30:38', '2023-08-17 09:30:38'),
(548, 374, 55, 2210, 104, 0, 0, '3 30 1 2 13 38', NULL, 50000, 'LBP', NULL, '2023-08-17 09:30:38', '2023-08-17 09:30:38'),
(549, 374, 55, 2211, 104, 0, 0, '3 30 1 2 13 38', NULL, 50000, 'LBP', NULL, '2023-08-17 09:30:38', '2023-08-17 09:30:38'),
(550, 374, 55, 2212, 104, 0, 0, '3 30 1 2 13 38', NULL, 50000, 'LBP', NULL, '2023-08-17 09:30:38', '2023-08-17 09:30:38'),
(551, 374, 55, 2213, 104, 0, 0, '3 30 1 2 13 38', NULL, 50000, 'LBP', NULL, '2023-08-17 09:30:38', '2023-08-17 09:30:38'),
(552, 374, 55, 2214, 104, 0, 0, '3 30 1 2 13 38', NULL, 50000, 'LBP', NULL, '2023-08-17 09:30:38', '2023-08-17 09:30:38'),
(553, 374, 55, 2215, 104, 0, 0, '3 30 1 2 13 38', NULL, 50000, 'LBP', NULL, '2023-08-17 09:30:38', '2023-08-17 09:30:38'),
(554, 374, 55, 2216, 104, 0, 0, '3 30 1 2 13 38', NULL, 50000, 'LBP', NULL, '2023-08-17 09:30:38', '2023-08-17 09:30:38'),
(555, 374, 55, 2217, 104, 0, 0, '3 30 1 2 13 38', NULL, 50000, 'LBP', NULL, '2023-08-17 09:30:38', '2023-08-17 09:30:38'),
(556, 374, 55, 2218, 104, 0, 0, '3 30 1 2 13 38', NULL, 50000, 'LBP', NULL, '2023-08-17 09:30:38', '2023-08-17 09:30:38'),
(557, 374, 55, 2219, 104, 0, 0, '3 30 1 2 13 38', NULL, 50000, 'LBP', NULL, '2023-08-17 09:30:38', '2023-08-17 09:30:38'),
(558, 374, 55, 2220, 104, 0, 0, '3 30 1 2 13 38', NULL, 50000, 'LBP', NULL, '2023-08-17 09:30:38', '2023-08-17 09:30:38'),
(559, 374, 55, 2221, 104, 0, 0, '3 30 1 2 13 38', NULL, 50000, 'LBP', NULL, '2023-08-17 09:30:38', '2023-08-17 09:30:38'),
(560, 374, 55, 2222, 104, 0, 0, '3 30 1 2 13 38', NULL, 50000, 'LBP', NULL, '2023-08-17 09:30:38', '2023-08-17 09:30:38'),
(561, 374, 55, 2223, 104, 0, 0, '3 30 1 2 13 38', NULL, 50000, 'LBP', NULL, '2023-08-17 09:30:38', '2023-08-17 09:30:38'),
(562, 374, 55, 2224, 104, 0, 0, '3 30 1 2 13 38', NULL, 50000, 'LBP', NULL, '2023-08-17 09:30:38', '2023-08-17 09:30:38'),
(563, 374, 55, 2225, 104, 0, 0, '3 30 1 2 13 38', NULL, 50000, 'LBP', NULL, '2023-08-17 09:30:38', '2023-08-17 09:30:38'),
(564, 374, 55, 2226, 104, 0, 0, '3 30 1 2 13 38', NULL, 50000, 'LBP', NULL, '2023-08-17 09:30:38', '2023-08-17 09:30:38'),
(565, 374, 55, 2227, 104, 0, 0, '3 30 1 2 13 38', NULL, 50000, 'LBP', NULL, '2023-08-17 09:30:38', '2023-08-17 09:30:38'),
(566, 374, 55, 2228, 104, 0, 0, '3 30 1 2 13 38', NULL, 50000, 'LBP', NULL, '2023-08-17 09:30:38', '2023-08-17 09:30:38'),
(567, 374, 55, 2229, 104, 0, 0, '3 30 1 2 13 38', NULL, 50000, 'LBP', NULL, '2023-08-17 09:30:38', '2023-08-17 09:30:38'),
(568, 374, 55, 2230, 104, 0, 0, '3 30 1 2 13 38', NULL, 50000, 'LBP', NULL, '2023-08-17 09:30:38', '2023-08-17 09:30:38'),
(569, 374, 55, 2231, 104, 0, 0, '3 30 1 2 13 38', NULL, 50000, 'LBP', NULL, '2023-08-17 09:30:38', '2023-08-17 09:30:38'),
(570, 374, 55, 2232, 104, 0, 0, '3 30 1 2 13 38', NULL, 50000, 'LBP', NULL, '2023-08-17 09:30:38', '2023-08-17 09:30:38'),
(571, 374, 55, 2233, 104, 0, 0, '3 30 1 2 13 38', NULL, 50000, 'LBP', NULL, '2023-08-17 09:30:38', '2023-08-17 09:30:38'),
(572, 374, 55, 2234, 104, 0, 0, '3 30 1 2 13 38', NULL, 50000, 'LBP', NULL, '2023-08-17 09:30:38', '2023-08-17 09:30:38'),
(573, 374, 55, 2235, 104, 0, 0, '3 30 1 2 13 38', NULL, 50000, 'LBP', NULL, '2023-08-17 09:30:38', '2023-08-17 09:30:38'),
(574, 374, 55, 2236, 104, 0, 0, '3 30 1 2 13 38', NULL, 50000, 'LBP', NULL, '2023-08-17 09:30:38', '2023-08-17 09:30:38'),
(575, 374, 55, 2237, 104, 0, 0, '3 30 1 2 13 38', NULL, 50000, 'LBP', NULL, '2023-08-17 09:30:38', '2023-08-17 09:30:38'),
(576, 374, 0, 2238, 104, 0, 0, '3 30 1 2 13 38', NULL, 50000, 'LBP', NULL, '2023-08-17 09:30:38', '2023-08-18 13:42:54'),
(577, 374, 0, 2239, 104, 0, 0, '3 30 1 2 13 38', NULL, 50000, 'LBP', NULL, '2023-08-17 09:30:38', '2023-08-17 15:50:35'),
(578, 375, 0, 2136, 1, 0, 0, '1 2 3 4 5 6', NULL, 50000, 'LBP', NULL, '2023-08-18 09:11:49', '2023-08-18 09:11:49'),
(579, 376, 5261293, 2137, 1, 0, 0, '1 2 3 4 5 6', NULL, 50000, 'LBP', NULL, '2023-08-18 09:12:53', '2023-08-18 09:13:45'),
(580, 377, 5261294, 2137, 1, 0, 0, '1 2 3 4 5 6', NULL, 50000, 'LBP', NULL, '2023-08-18 09:15:21', '2023-08-18 09:15:29'),
(581, 378, 5261299, 2137, 1, 1, 0, '13 35 29 26 27 38', '24057', 55000, 'LBP', NULL, '2023-08-18 09:33:18', '2023-08-18 09:33:23'),
(582, 378, 5261300, 2137, 1, 0, 0, '35 13 29 26 27 38', NULL, 50000, 'LBP', NULL, '2023-08-18 09:33:18', '2023-08-18 09:33:27'),
(583, 379, 5261473, 2137, 1, 0, 0, '36 1 37 21 34 9|36 1 37 21 34 9', NULL, 100000, 'LBP', NULL, '2023-08-18 15:53:01', '2023-08-18 15:54:54'),
(591, 387, 0, 2137, 1, 0, 0, '33 1 38 42 15 3', NULL, 50000, 'LBP', NULL, '2023-08-21 11:46:27', '2023-08-21 11:46:27'),
(592, 388, 0, 2137, 1, 0, 0, '33 1 38 42 15 3', NULL, 50000, 'LBP', NULL, '2023-08-21 11:52:04', '2023-08-21 11:52:04'),
(593, 389, 0, 2137, 1, 0, 0, '33 1 38 42 15 3', NULL, 50000, 'LBP', NULL, '2023-08-21 11:53:15', '2023-08-21 11:53:15'),
(594, 390, 0, 2137, 1, 0, 0, '33 1 38 42 15 3', NULL, 50000, 'LBP', NULL, '2023-08-21 11:54:05', '2023-08-21 11:54:05'),
(595, 391, 0, 2137, 1, 0, 0, '33 1 38 42 15 3|40 7 35 5 23 4 33 26 25 18', NULL, 10550000, 'LBP', NULL, '2023-08-21 12:00:38', '2023-08-21 12:00:38'),
(596, 392, 0, 2137, 1, 0, 0, '33 1 38 42 15 3|40 7 35 5 23 4 33 26 25 18', NULL, 10550000, 'LBP', NULL, '2023-08-21 12:01:07', '2023-08-21 12:01:07'),
(597, 393, 5263139, 2137, 1, 0, 0, '33 1 38 42 15 3', NULL, 50000, 'LBP', NULL, '2023-08-21 12:07:51', '2023-08-21 12:08:03'),
(598, 394, 55, 2137, 1, 0, 0, '10 41 7 8 12 17', NULL, 50000, 'LBP', NULL, '2023-08-21 12:10:43', '2023-08-21 12:10:52'),
(599, 395, 55, 2137, 1, 0, 0, '4 15 9 39 24 31', NULL, 50000, 'LBP', NULL, '2023-08-21 12:13:20', '2023-08-21 12:13:26'),
(600, 396, 55, 2137, 1, 0, 0, '7 11 12 42 22 30', NULL, 50000, 'LBP', NULL, '2023-08-21 12:15:02', '2023-08-21 12:15:17');

-- --------------------------------------------------------

--
-- Table structure for table `orders`
--

CREATE TABLE `orders` (
  `id` int(11) NOT NULL,
  `suyoolUserId` int(11) NOT NULL,
  `status` enum('pending','held','purchased','completed','canceled') NOT NULL DEFAULT 'pending',
  `subscription` int(11) DEFAULT NULL,
  `amount` int(50) DEFAULT NULL,
  `transId` int(11) DEFAULT NULL,
  `errorInfo` text DEFAULT NULL,
  `currency` varchar(11) DEFAULT NULL,
  `created` datetime NOT NULL DEFAULT current_timestamp(),
  `updated` datetime NOT NULL DEFAULT current_timestamp() ON UPDATE current_timestamp()
) ENGINE=InnoDB DEFAULT CHARSET=utf8mb4;

--
-- Dumping data for table `orders`
--

INSERT INTO `orders` (`id`, `suyoolUserId`, `status`, `subscription`, `amount`, `transId`, `errorInfo`, `currency`, `created`, `updated`) VALUES
(114, 20, '', NULL, NULL, NULL, NULL, NULL, '2023-07-19 12:26:09', '2023-07-19 12:29:18'),
(116, 20, '', NULL, NULL, NULL, NULL, NULL, '2023-07-19 12:30:02', '2023-07-19 12:30:02'),
(117, 20, 'completed', NULL, 50000, 3032, NULL, 'LBP', '2023-07-19 12:34:47', '2023-07-19 16:24:39'),
(119, 20, '', NULL, NULL, NULL, NULL, NULL, '2023-07-19 15:24:46', '2023-07-19 15:24:52'),
(134, 89, 'completed', NULL, 50000, 3112, NULL, 'LBP', '2023-07-19 16:10:56', '2023-07-19 17:17:20'),
(135, 89, 'completed', NULL, 50000, 3113, NULL, 'LBP', '2023-07-19 16:17:26', '2023-07-20 10:10:11'),
(136, 89, 'completed', NULL, 50000, 3115, NULL, 'LBP', '2023-07-19 16:19:03', '2023-07-20 10:10:11'),
(137, 89, 'completed', NULL, 50000, 3116, NULL, 'LBP', '2023-07-19 16:22:32', '2023-07-20 10:10:11'),
(138, 89, 'completed', NULL, 50000, 3117, NULL, 'LBP', '2023-07-19 16:24:22', '2023-07-20 10:10:11'),
(139, 89, 'completed', NULL, 50000, 3118, NULL, 'LBP', '2023-07-19 16:27:16', '2023-07-20 10:10:11'),
(140, 89, 'completed', NULL, 50000, 3122, NULL, 'LBP', '2023-07-19 16:32:23', '2023-07-20 10:10:11'),
(141, 89, 'completed', NULL, 50000, 3124, NULL, 'LBP', '2023-07-19 16:35:59', '2023-07-20 10:10:11'),
(142, 89, 'completed', NULL, 50000, 3127, NULL, 'LBP', '2023-07-19 16:38:50', '2023-07-20 10:10:11'),
(143, 89, 'completed', NULL, 50000, 3128, NULL, 'LBP', '2023-07-19 16:42:35', '2023-07-20 10:10:11'),
(144, 89, 'completed', NULL, 50000, 3129, NULL, 'LBP', '2023-07-19 16:43:41', '2023-07-20 10:10:11'),
(145, 89, 'completed', NULL, 50000, 3130, NULL, 'LBP', '2023-07-19 16:47:24', '2023-07-20 10:10:11'),
(146, 89, 'completed', NULL, 50000, 3131, NULL, 'LBP', '2023-07-19 16:52:33', '2023-07-20 10:10:11'),
(158, 89, 'purchased', NULL, 50000, 3668, NULL, 'LBP', '2023-07-24 12:17:43', '2023-07-24 12:17:47'),
(159, 89, 'purchased', NULL, 50000, 3673, NULL, 'LBP', '2023-07-24 12:23:55', '2023-07-24 12:23:57'),
(160, 89, 'purchased', NULL, 50000, 3676, NULL, 'LBP', '2023-07-24 12:29:36', '2023-07-24 12:29:38'),
(161, 89, 'completed', NULL, 50000, 3689, NULL, 'LBP', '2023-07-24 12:41:36', '2023-07-24 12:41:38'),
(162, 89, 'completed', NULL, 50000, 4013, NULL, 'LBP', '2023-07-25 10:44:37', '2023-07-25 13:04:44'),
(163, 89, 'completed', NULL, 50000, 4031, NULL, 'LBP', '2023-07-25 12:09:34', '2023-07-25 12:10:19'),
(164, 89, 'completed', NULL, 50000, 4040, NULL, 'LBP', '2023-07-25 12:23:34', '2023-07-25 12:24:03'),
(165, 89, 'completed', NULL, 105000, 4043, NULL, 'LBP', '2023-07-25 12:26:31', '2023-07-25 12:27:27'),
(166, 89, 'completed', NULL, 105000, 4052, NULL, 'LBP', '2023-07-25 12:49:49', '2023-07-25 12:50:01'),
(167, 89, 'completed', NULL, 105000, 4053, NULL, 'LBP', '2023-07-25 13:06:44', '2023-07-25 13:07:02'),
(168, 89, 'completed', NULL, 105000, 4057, NULL, 'LBP', '2023-07-25 13:09:27', '2023-07-25 13:09:38'),
(169, 89, 'completed', NULL, 105000, 4064, NULL, 'LBP', '2023-07-25 13:27:06', '2023-07-25 13:27:54'),
(170, 89, 'completed', NULL, 50000, 4071, NULL, 'LBP', '2023-07-25 13:31:03', '2023-07-25 13:31:18'),
(171, 89, 'completed', NULL, 55000, 4073, NULL, 'LBP', '2023-07-25 13:32:07', '2023-07-25 13:32:22'),
(173, 89, 'completed', NULL, 155000, 4116, NULL, 'LBP', '2023-07-25 15:32:38', '2023-07-25 15:33:17'),
(175, 155, '', NULL, NULL, NULL, NULL, NULL, '2023-07-26 08:51:46', '2023-07-26 08:51:48'),
(176, 155, '', NULL, NULL, NULL, NULL, NULL, '2023-07-26 08:59:06', '2023-07-26 08:59:08'),
(177, 155, '', NULL, NULL, NULL, NULL, NULL, '2023-07-26 09:20:30', '2023-07-26 09:20:32'),
(178, 155, 'completed', NULL, 50000, 4309, NULL, 'LBP', '2023-07-26 09:36:10', '2023-07-26 09:47:15'),
(180, 155, '', NULL, NULL, NULL, NULL, NULL, '2023-07-26 10:26:48', '2023-07-26 12:42:25'),
(181, 155, '', NULL, NULL, NULL, NULL, NULL, '2023-07-26 10:28:03', '2023-07-26 12:42:29'),
(182, 155, '', NULL, NULL, NULL, NULL, NULL, '2023-07-26 11:42:40', '2023-07-26 12:43:35'),
(183, 155, '', NULL, NULL, NULL, NULL, NULL, '2023-07-26 11:44:32', '2023-07-26 11:44:32'),
(184, 155, '', NULL, NULL, NULL, NULL, NULL, '2023-07-26 11:46:40', '2023-07-26 11:46:40'),
(185, 155, 'completed', NULL, 40000, 4441, NULL, 'LBP', '2023-07-26 11:51:54', '2023-07-26 11:52:36'),
(186, 155, '', NULL, NULL, NULL, NULL, NULL, '2023-07-26 12:20:31', '2023-07-26 12:20:31'),
(187, 155, '', NULL, NULL, NULL, NULL, NULL, '2023-07-26 12:21:25', '2023-07-26 12:21:25'),
(188, 155, '', NULL, NULL, NULL, NULL, NULL, '2023-07-26 12:26:14', '2023-07-26 12:26:14'),
(189, 155, '', NULL, NULL, NULL, NULL, NULL, '2023-07-26 12:27:25', '2023-07-26 12:27:25'),
(190, 155, '', NULL, NULL, NULL, NULL, NULL, '2023-07-26 12:29:30', '2023-07-26 12:29:31'),
(191, 155, '', NULL, NULL, NULL, NULL, NULL, '2023-07-26 12:35:04', '2023-07-26 12:35:04'),
(192, 155, '', NULL, NULL, NULL, NULL, NULL, '2023-07-26 13:02:31', '2023-07-26 13:02:31'),
(193, 155, '', NULL, NULL, NULL, NULL, NULL, '2023-07-26 13:02:56', '2023-07-26 13:02:56'),
(194, 155, '', NULL, NULL, NULL, NULL, NULL, '2023-07-26 13:03:10', '2023-07-26 13:03:10'),
(195, 155, '', NULL, NULL, NULL, NULL, NULL, '2023-07-26 13:03:42', '2023-07-26 13:03:42'),
(196, 89, '', NULL, NULL, NULL, NULL, NULL, '2023-07-26 13:36:48', '2023-07-26 13:36:48'),
(197, 89, 'completed', NULL, 50000, 4492, NULL, 'LBP', '2023-07-26 13:37:08', '2023-07-26 13:39:15'),
(198, 155, 'completed', NULL, 105000, 4493, NULL, 'LBP', '2023-07-26 13:38:02', '2023-07-26 13:39:27'),
(199, 155, 'completed', NULL, 50000, 4494, NULL, 'LBP', '2023-07-26 13:42:45', '2023-07-26 13:44:08'),
(200, 89, 'completed', NULL, 100000, 4495, NULL, 'LBP', '2023-07-26 13:43:01', '2023-07-26 13:44:20'),
(201, 155, 'completed', NULL, 50000, 4516, NULL, 'LBP', '2023-07-26 14:52:26', '2023-07-26 14:53:21'),
(202, 89, 'completed', NULL, 50000, 4517, NULL, 'LBP', '2023-07-26 14:52:44', '2023-07-26 14:53:33'),
(203, 141, '', NULL, NULL, NULL, NULL, NULL, '2023-07-26 15:14:48', '2023-07-26 15:14:51'),
(204, 141, '', NULL, NULL, NULL, NULL, NULL, '2023-07-26 15:18:06', '2023-07-26 15:18:06'),
(205, 155, 'completed', NULL, 50000, 4532, NULL, 'LBP', '2023-07-26 15:23:55', '2023-07-26 15:45:56'),
(206, 141, '', NULL, NULL, NULL, NULL, NULL, '2023-07-26 15:24:17', '2023-07-26 15:24:17'),
(207, 141, '', NULL, NULL, NULL, NULL, NULL, '2023-07-26 15:32:24', '2023-07-26 15:32:25'),
(208, 141, '', NULL, NULL, NULL, NULL, NULL, '2023-07-26 15:41:06', '2023-07-26 15:41:06'),
(209, 141, 'completed', NULL, 50000, 4537, NULL, 'LBP', '2023-07-26 15:45:38', '2023-07-26 15:46:08'),
(210, 141, '', NULL, NULL, NULL, NULL, NULL, '2023-07-27 11:43:54', '2023-07-27 11:43:55'),
(211, 155, '', NULL, NULL, NULL, NULL, NULL, '2023-07-27 13:29:57', '2023-07-27 13:30:01'),
(212, 155, '', NULL, NULL, NULL, NULL, NULL, '2023-07-27 13:44:15', '2023-07-27 13:44:18'),
(213, 155, '', NULL, NULL, NULL, NULL, NULL, '2023-07-28 09:09:59', '2023-07-28 09:09:59'),
(214, 155, '', NULL, NULL, NULL, NULL, NULL, '2023-07-31 10:29:51', '2023-07-31 10:32:04'),
(215, 155, '', NULL, NULL, NULL, NULL, NULL, '2023-07-31 10:33:00', '2023-07-31 10:33:40'),
(216, 155, '', NULL, NULL, NULL, NULL, NULL, '2023-07-31 10:34:27', '2023-07-31 10:36:13'),
(217, 155, 'completed', NULL, 50000, 4830, NULL, 'LBP', '2023-07-31 10:36:27', '2023-07-31 10:59:14'),
(218, 155, 'completed', NULL, 0, 4949, NULL, 'LBP', '2023-07-31 13:50:37', '2023-07-31 13:51:48'),
(219, 155, 'completed', NULL, 0, 4958, NULL, 'LBP', '2023-07-31 14:31:04', '2023-07-31 14:35:13'),
(220, 155, 'completed', NULL, 110000, 4959, NULL, 'LBP', '2023-07-31 14:45:08', '2023-07-31 14:46:29'),
(221, 89, 'completed', NULL, 110000, 4960, NULL, 'LBP', '2023-07-28 15:46:00', '2023-08-02 11:28:26'),
(222, 155, 'completed', NULL, 110000, 4961, NULL, 'LBP', '2023-07-31 15:13:57', '2023-07-31 15:33:01'),
(223, 155, '', NULL, NULL, NULL, NULL, NULL, '2023-07-31 15:34:02', '2023-07-31 15:34:02'),
(224, 155, 'completed', NULL, 110000, 4963, NULL, 'LBP', '2023-07-31 15:40:40', '2023-07-31 15:41:21'),
(225, 155, 'completed', NULL, 55000, 4976, NULL, 'LBP', '2023-07-31 16:20:33', '2023-07-31 16:21:59'),
(226, 89, 'completed', NULL, 55000, 4977, NULL, 'LBP', '2023-07-28 16:20:55', '2023-08-02 10:40:42'),
(227, 155, 'completed', NULL, 50000, 4982, NULL, 'LBP', '2023-07-31 16:29:36', '2023-07-31 16:30:01'),
(236, 155, 'completed', NULL, 155000, 4997, NULL, 'LBP', '2023-08-01 11:15:16', '2023-08-01 11:18:03'),
(237, 155, 'completed', NULL, 100000, 4998, NULL, 'LBP', '2023-08-01 11:18:50', '2023-08-01 12:12:53'),
(238, 155, 'completed', NULL, 50000, 5020, NULL, 'LBP', '2023-08-01 13:11:54', '2023-08-01 13:12:55'),
(239, 155, 'completed', NULL, 50000, 5042, NULL, 'LBP', '2023-08-01 13:53:55', '2023-08-01 13:55:03'),
(250, 155, '', NULL, 155000, 5096, NULL, 'LBP', '2023-08-01 15:44:47', '2023-08-01 15:48:09'),
(251, 155, 'completed', NULL, 100000, 5098, NULL, 'LBP', '2023-08-01 15:48:30', '2023-08-01 15:49:45'),
(252, 155, '', NULL, NULL, NULL, NULL, NULL, '2023-08-01 16:09:36', '2023-08-01 16:09:36'),
(253, 155, 'canceled', NULL, NULL, NULL, NULL, NULL, '2023-08-01 16:10:23', '2023-08-01 16:10:23'),
(254, 155, 'completed', NULL, 50000, 5136, NULL, 'LBP', '2023-08-02 11:04:46', '2023-08-02 11:05:33'),
(255, 155, 'completed', NULL, 0, 5139, NULL, 'LBP', '2023-08-02 11:08:56', '2023-08-02 11:09:24'),
(256, 155, 'completed', NULL, 0, 5142, NULL, 'LBP', '2023-08-02 11:29:56', '2023-08-02 11:30:30'),
(257, 155, 'canceled', NULL, NULL, NULL, NULL, NULL, '2023-08-03 09:10:35', '2023-08-03 09:10:35'),
(258, 155, 'canceled', NULL, NULL, NULL, NULL, NULL, '2023-08-03 09:11:03', '2023-08-03 09:11:03'),
(259, 141, 'completed', NULL, 50000, 5222, NULL, 'LBP', '2023-07-30 10:03:38', '2023-08-03 10:04:09'),
(260, 155, 'canceled', NULL, 100000, 5299, NULL, 'LBP', '2023-08-03 10:15:36', '2023-08-03 12:09:10'),
(262, 155, 'completed', NULL, 50000, 5300, NULL, 'LBP', '2023-08-03 12:10:03', '2023-08-03 12:11:37'),
(263, 89, 'completed', NULL, 150000, 5302, NULL, 'LBP', '2023-08-03 12:15:47', '2023-08-03 12:16:59'),
(264, 89, 'completed', NULL, 100000, 5305, NULL, 'LBP', '2023-08-03 13:07:50', '2023-08-03 13:08:26'),
(265, 155, 'completed', NULL, 100000, 5306, NULL, 'LBP', '2023-08-03 13:11:19', '2023-08-03 13:11:26'),
(266, 155, 'completed', NULL, 50000, 5307, NULL, 'LBP', '2023-08-03 13:14:14', '2023-08-03 13:14:19'),
(267, 155, 'completed', NULL, 50000, 5425, NULL, 'LBP', '2023-08-07 10:15:09', '2023-08-07 10:15:44'),
(268, 155, 'completed', NULL, 0, 5426, NULL, 'LBP', '2023-08-07 10:17:18', '2023-08-07 10:17:45'),
(269, 155, 'completed', NULL, 50000, 5427, NULL, 'LBP', '2023-08-07 10:17:57', '2023-08-07 10:18:06'),
(270, 155, 'completed', NULL, 50000, 5432, NULL, 'LBP', '2023-08-07 10:32:46', '2023-08-07 10:32:53'),
(271, 155, 'completed', NULL, 50000, 5433, NULL, 'LBP', '2023-08-07 10:34:11', '2023-08-07 10:37:20'),
(272, 89, 'completed', NULL, 50000, 5434, NULL, 'LBP', '2023-08-07 10:38:27', '2023-08-07 10:40:06'),
(273, 155, 'completed', NULL, 50000, 5439, NULL, 'LBP', '2023-08-07 10:47:27', '2023-08-07 10:47:52'),
(274, 155, 'completed', NULL, 50000, 5440, NULL, 'LBP', '2023-08-07 10:48:14', '2023-08-07 10:49:00'),
(275, 155, 'completed', NULL, 50000, 5442, NULL, 'LBP', '2023-08-07 10:50:03', '2023-08-07 10:51:56'),
(276, 155, 'completed', NULL, 50000, 5443, NULL, 'LBP', '2023-08-07 10:52:18', '2023-08-07 10:54:25'),
(277, 155, 'completed', NULL, 50000, 5444, NULL, 'LBP', '2023-08-07 10:54:53', '2023-08-07 10:56:00'),
(278, 155, 'completed', NULL, 50000, 5445, NULL, 'LBP', '2023-08-07 10:56:12', '2023-08-07 10:57:24'),
(279, 155, 'completed', NULL, 50000, 5446, NULL, 'LBP', '2023-08-07 10:57:12', '2023-08-07 11:02:02'),
(280, 155, 'completed', NULL, 50000, 5447, NULL, 'LBP', '2023-08-07 11:02:22', '2023-08-07 11:04:23'),
(281, 155, 'completed', NULL, 50000, 5448, NULL, 'LBP', '2023-08-07 11:04:36', '2023-08-07 11:04:44'),
(282, 155, 'completed', NULL, 50000, 5450, NULL, 'LBP', '2023-08-07 11:06:14', '2023-08-07 11:08:29'),
(283, 155, 'completed', NULL, 50000, 5454, NULL, 'LBP', '2023-08-07 11:08:43', '2023-08-07 11:08:51'),
(284, 89, 'completed', NULL, 100000, 5455, NULL, 'LBP', '2023-08-07 11:09:22', '2023-08-07 11:09:36'),
(285, 155, 'completed', NULL, 50000, 5475, NULL, 'LBP', '2023-08-07 12:29:35', '2023-08-07 12:29:43'),
(286, 155, 'canceled', NULL, NULL, NULL, NULL, NULL, '2023-08-07 13:27:56', '2023-08-07 13:28:01'),
(287, 155, 'completed', NULL, 50000, 5495, NULL, 'LBP', '2023-08-07 13:34:54', '2023-08-07 13:35:00'),
(288, 155, 'completed', NULL, 50000, 5496, NULL, 'LBP', '2023-08-07 13:36:09', '2023-08-07 13:36:33'),
(289, 155, 'canceled', NULL, NULL, NULL, NULL, NULL, '2023-08-09 11:24:32', '2023-08-09 11:24:32'),
(290, 155, 'completed', NULL, 50000, 5862, NULL, 'LBP', '2023-08-09 11:25:05', '2023-08-09 11:25:43'),
(291, 155, 'completed', NULL, 50000, 5864, NULL, 'LBP', '2023-08-09 11:32:30', '2023-08-09 11:32:35'),
(292, 155, 'completed', NULL, 50000, 5871, NULL, 'LBP', '2023-08-09 11:38:27', '2023-08-09 11:38:33'),
(293, 155, 'completed', NULL, 205000, 5878, NULL, 'LBP', '2023-08-09 11:41:35', '2023-08-09 12:52:48'),
(294, 155, 'canceled', NULL, NULL, NULL, NULL, NULL, '2023-08-09 12:53:15', '2023-08-09 12:53:46'),
(295, 155, 'canceled', NULL, NULL, NULL, NULL, NULL, '2023-08-09 12:54:45', '2023-08-09 12:54:45'),
(296, 155, 'canceled', NULL, NULL, NULL, NULL, NULL, '2023-08-09 12:58:32', '2023-08-09 13:00:46'),
(297, 155, 'canceled', NULL, NULL, NULL, NULL, NULL, '2023-08-09 13:00:21', '2023-08-09 13:00:50'),
(298, 155, 'canceled', NULL, NULL, NULL, NULL, NULL, '2023-08-09 13:00:58', '2023-08-09 13:02:50'),
(299, 155, 'canceled', NULL, NULL, NULL, NULL, NULL, '2023-08-09 13:04:23', '2023-08-09 13:04:23'),
(300, 155, 'canceled', NULL, NULL, NULL, NULL, NULL, '2023-08-09 13:05:30', '2023-08-09 13:05:30'),
(301, 155, 'canceled', NULL, NULL, NULL, NULL, NULL, '2023-08-09 13:06:12', '2023-08-09 13:06:12'),
(302, 155, 'canceled', NULL, NULL, NULL, NULL, NULL, '2023-08-09 13:09:44', '2023-08-09 13:09:44'),
(303, 155, 'canceled', NULL, NULL, NULL, NULL, NULL, '2023-08-09 13:10:07', '2023-08-09 13:10:07'),
(304, 155, 'canceled', NULL, NULL, NULL, NULL, NULL, '2023-08-09 14:36:49', '2023-08-09 14:59:05'),
(305, 155, 'canceled', NULL, NULL, NULL, NULL, NULL, '2023-08-09 14:40:19', '2023-08-09 14:59:09'),
(306, 155, 'canceled', NULL, NULL, NULL, NULL, NULL, '2023-08-09 14:59:56', '2023-08-09 15:00:48'),
(307, 155, 'completed', NULL, 205000, 5964, NULL, 'LBP', '2023-08-09 15:03:08', '2023-08-09 15:05:36'),
(308, 155, 'completed', NULL, 205000, 5966, NULL, 'LBP', '2023-08-09 15:06:43', '2023-08-11 14:54:50'),
(309, 155, 'purchased', NULL, NULL, NULL, NULL, NULL, '2023-08-10 09:37:59', '2023-08-10 13:12:49'),
(310, 155, 'canceled', NULL, NULL, NULL, NULL, NULL, '2023-08-10 09:40:22', '2023-08-10 09:42:50'),
(311, 155, 'canceled', NULL, NULL, NULL, NULL, NULL, '2023-08-10 09:42:06', '2023-08-10 09:42:52'),
(312, 155, 'purchased', NULL, NULL, NULL, NULL, NULL, '2023-08-10 09:43:20', '2023-08-10 13:12:50'),
(313, 155, 'purchased', NULL, NULL, NULL, NULL, NULL, '2023-08-10 10:00:30', '2023-08-10 13:12:52'),
(314, 155, 'purchased', NULL, NULL, NULL, NULL, NULL, '2023-08-10 10:01:11', '2023-08-10 13:12:54'),
(315, 155, 'canceled', NULL, NULL, NULL, NULL, NULL, '2023-08-10 10:05:06', '2023-08-10 10:06:07'),
(316, 155, 'canceled', NULL, NULL, NULL, NULL, NULL, '2023-08-10 12:16:44', '2023-08-10 13:10:19'),
(317, 155, 'canceled', NULL, NULL, NULL, NULL, NULL, '2023-08-10 14:08:00', '2023-08-10 14:08:21'),
(318, 155, 'canceled', NULL, NULL, NULL, NULL, NULL, '2023-08-10 14:08:43', '2023-08-10 14:13:13'),
(319, 155, 'canceled', NULL, NULL, NULL, NULL, NULL, '2023-08-10 14:13:18', '2023-08-10 14:23:46'),
(324, 155, 'canceled', NULL, NULL, NULL, NULL, NULL, '2023-08-10 14:24:28', '2023-08-10 16:28:45'),
(325, 155, 'canceled', NULL, NULL, NULL, NULL, NULL, '2023-08-10 15:56:56', '2023-08-10 16:28:48'),
(326, 155, 'completed', NULL, 50000, 7616, NULL, 'LBP', '2023-08-11 10:58:05', '2023-08-11 11:04:14'),
(327, 155, 'completed', NULL, 50000, 7665, NULL, 'LBP', '2023-08-11 11:49:17', '2023-08-11 11:50:19'),
(328, 155, 'completed', NULL, 50000, 123, NULL, 'LBP', '2023-08-11 11:56:01', '2023-08-11 11:56:13'),
(329, 155, 'completed', NULL, 50000, 123, NULL, 'LBP', '2023-08-11 11:58:39', '2023-08-11 12:01:10'),
(330, 155, 'completed', NULL, 50000, 123, NULL, 'LBP', '2023-08-11 12:01:49', '2023-08-11 12:02:01'),
(331, 155, 'canceled', NULL, 50000, 123, NULL, 'LBP', '2023-08-11 12:03:00', '2023-08-11 12:04:16'),
(332, 155, 'canceled', NULL, NULL, NULL, NULL, NULL, '2023-08-11 12:03:35', '2023-08-11 14:05:53'),
(333, 155, 'canceled', NULL, NULL, NULL, NULL, NULL, '2023-08-11 12:58:10', '2023-08-11 12:58:10'),
(334, 155, 'canceled', NULL, NULL, NULL, NULL, NULL, '2023-08-11 14:57:39', '2023-08-11 14:57:39'),
(335, 155, 'completed', NULL, 205000, 7744, NULL, 'LBP', '2023-08-11 14:59:12', '2023-08-11 14:59:31'),
(336, 89, 'completed', NULL, 205000, 7747, NULL, 'LBP', '2023-08-11 15:05:10', '2023-08-16 11:47:26'),
(337, 155, 'purchased', NULL, 205000, 7751, NULL, 'LBP', '2023-08-11 15:07:42', '2023-08-16 10:42:58'),
(338, 155, 'purchased', NULL, 105000, 7752, NULL, 'LBP', '2023-08-11 15:15:39', '2023-08-16 10:44:01'),
(339, 155, 'purchased', NULL, 50000, 8241, NULL, 'LBP', '2023-08-14 16:32:48', '2023-08-16 10:25:24'),
(358, 155, 'canceled', NULL, NULL, NULL, NULL, NULL, '2023-08-16 09:48:50', '2023-08-16 09:48:50'),
(359, 155, 'canceled', NULL, NULL, NULL, NULL, NULL, '2023-08-16 09:49:47', '2023-08-16 09:50:46'),
(365, 155, 'completed', NULL, 100000, 8357, NULL, 'LBP', '2023-08-16 10:48:45', '2023-08-16 10:49:41'),
(369, 155, 'completed', 2, 100000, 8360, NULL, 'LBP', '2023-08-16 11:00:48', '2023-08-16 11:00:55'),
(370, 155, 'completed', 2, 0, 1234, NULL, 'LBP', '2023-08-16 11:00:50', '2023-08-16 11:00:55'),
(371, 89, 'completed', 2, 310000, 8501, NULL, 'LBP', '2023-08-16 16:00:27', '2023-08-16 16:01:53'),
(372, 89, 'completed', 1, 50000, 8502, NULL, 'LBP', '2023-08-16 16:08:30', '2023-08-16 16:08:36'),
(373, 89, 'canceled', NULL, NULL, NULL, NULL, NULL, '2023-08-17 09:10:47', '2023-08-17 09:10:51'),
(374, 89, 'completed', 104, 5200000, 8596, NULL, 'LBP', '2023-08-17 09:25:10', '2023-08-17 09:30:38'),
(375, 155, 'canceled', 1, NULL, NULL, NULL, NULL, '2023-08-18 09:11:49', '2023-08-18 09:38:31'),
(376, 155, 'completed', 1, 50000, 8833, NULL, 'LBP', '2023-08-18 09:12:53', '2023-08-18 09:13:46'),
(377, 89, 'completed', 1, 50000, 8834, NULL, 'LBP', '2023-08-18 09:15:21', '2023-08-18 09:15:30'),
(378, 155, 'completed', 1, 105000, 8835, NULL, 'LBP', '2023-08-18 09:33:17', '2023-08-18 09:33:28'),
(379, 155, 'completed', 1, 100000, 8921, NULL, 'LBP', '2023-08-18 15:53:01', '2023-08-18 15:54:55'),
(390, 155, 'canceled', NULL, 50000, NULL, 'HTTP/1.1 404 Not Found returned for \"http://10.20.80.62/SuyoolGlobalAPIs/api/Utilities/PushUtilityPayments\".', 'LBP', '2023-08-21 11:54:05', '2023-08-21 11:54:05'),
(391, 155, 'canceled', NULL, 10550000, NULL, 'HTTP/1.1 404 Not Found returned for \"http://10.20.80.62/SuyoolGlobalAPIs/api/Utilities/PushUtilityPayments\".', 'LBP', '2023-08-21 12:00:38', '2023-08-21 12:00:38'),
(392, 155, 'canceled', NULL, 10550000, NULL, '{\"Title\":\"Insufficient Funds\",\"SubTitle\":\"Exchange from $ to L.L to proceed with this transaction.\",\"ButtonOne\":{\"Text\":\"Exchange\",\"Flag\":84,\"AdditionalInfo\":null,\"isShow\":true},\"ButtonTwo\":{\"Text\":\"Cancel\",\"Flag\":0,\"AdditionalInfo\":null,\"isShow\":true}}', 'LBP', '2023-08-21 12:01:07', '2023-08-21 12:01:12'),
(393, 155, 'completed', 1, 50000, 9198, NULL, 'LBP', '2023-08-21 12:07:51', '2023-08-21 12:08:04'),
(394, 155, 'completed', 1, 50000, 9199, NULL, 'LBP', '2023-08-21 12:10:43', '2023-08-21 12:10:54'),
(395, 155, 'completed', 1, 50000, 9200, NULL, 'LBP', '2023-08-21 12:13:20', '2023-08-21 12:13:27'),
(396, 155, 'canceled', 1, 50000, 9201, 'Response body is empty.', 'LBP', '2023-08-21 12:15:02', '2023-08-21 12:15:18');

-- --------------------------------------------------------

--
-- Table structure for table `prices`
--

CREATE TABLE `prices` (
  `id` int(11) NOT NULL,
  `numbers` int(11) NOT NULL,
  `price` int(11) NOT NULL,
  `zeed` int(11) NOT NULL,
  `create_date` datetime NOT NULL DEFAULT current_timestamp(),
  `update_date` datetime NOT NULL DEFAULT current_timestamp() ON UPDATE current_timestamp()
) ENGINE=InnoDB DEFAULT CHARSET=utf8mb4;

--
-- Dumping data for table `prices`
--

INSERT INTO `prices` (`id`, `numbers`, `price`, `zeed`, `create_date`, `update_date`) VALUES
(103, 6, 50000, 5000, '2023-07-11 09:28:02', '2023-07-11 09:28:02'),
(104, 7, 350000, 5000, '2023-07-11 09:28:02', '2023-07-11 09:28:02'),
(105, 8, 1400000, 5000, '2023-07-11 09:28:02', '2023-07-11 09:28:02'),
(106, 9, 4200000, 5000, '2023-07-11 09:28:02', '2023-07-11 09:28:02'),
(107, 10, 10500000, 5000, '2023-07-11 09:28:02', '2023-07-11 09:28:02'),
(108, 11, 23100000, 5000, '2023-07-11 09:28:02', '2023-07-11 09:28:02'),
(109, 12, 46200000, 5000, '2023-07-11 09:28:02', '2023-07-11 09:28:02');

-- --------------------------------------------------------

--
-- Table structure for table `results`
--

CREATE TABLE `results` (
  `id` int(11) NOT NULL,
  `drawId` varchar(30) NOT NULL,
  `drawdate` datetime NOT NULL,
  `winner1` varchar(100) NOT NULL,
  `winner2` varchar(100) NOT NULL,
  `winner3` varchar(100) NOT NULL,
  `winner4` varchar(100) NOT NULL,
  `winner5` varchar(100) NOT NULL,
  `numbers` varchar(100) NOT NULL,
  `zeednumber1` varchar(11) NOT NULL,
  `zeednumber2` varchar(11) NOT NULL,
  `zeednumber3` varchar(11) NOT NULL,
  `zeednumber4` varchar(11) NOT NULL,
  `winner1zeed` text NOT NULL,
  `winner2zeed` text NOT NULL,
  `winner3zeed` text NOT NULL,
  `winner4zeed` text NOT NULL,
  `create_date` datetime NOT NULL,
  `update_date` datetime NOT NULL DEFAULT current_timestamp() ON UPDATE current_timestamp()
) ENGINE=InnoDB DEFAULT CHARSET=utf8mb4;

--
-- Dumping data for table `results`
--

INSERT INTO `results` (`id`, `drawId`, `drawdate`, `winner1`, `winner2`, `winner3`, `winner4`, `winner5`, `numbers`, `zeednumber1`, `zeednumber2`, `zeednumber3`, `zeednumber4`, `winner1zeed`, `winner2zeed`, `winner3zeed`, `winner4zeed`, `create_date`, `update_date`) VALUES
(1, '2128', '2023-07-20 00:00:00', '15791847571', '665434750', '76296375', '1329784', '200000', '11,14,22,24,35,39,12', '24197', '4197', '197', '97', '109217487', '2500000', '200000', '20000', '2023-07-21 08:04:26', '2023-07-21 08:04:26'),
(2, '2127', '2023-07-17 00:00:00', '14189623696', '2808874963', '51081000', '1066038', '200000', '3,11,23,27,29,39,42', '09008', '9008', '008', '08', '109947545', '2500000', '200000', '20000', '2023-07-21 08:04:26', '2023-07-21 08:04:26'),
(3, '2126', '2023-07-13 00:00:00', '12580572196', '1630500963', '154026563', '1078995', '200000', '12,15,25,26,31,35,14', '10491', '0491', '491', '91', '200000000', '5000000', '400000', '40000', '2023-07-21 08:04:26', '2023-07-21 08:04:26'),
(4, '2125', '2023-07-10 00:00:00', '10963293290', '971561900', '21587713', '544427', '80000', '4,15,23,27,29,37,2', '61497', '1497', '497', '97', '304801257', '2500000', '200000', '20000', '2023-07-21 08:04:26', '2023-07-21 08:04:26'),
(5, '2124', '2023-07-06 00:00:00', '9659935115', '451357750', '20125174', '544564', '80000', '5,11,15,16,19,39,1', '52415', '2415', '415', '15', '0', '2500000', '200000', '20000', '2023-07-21 08:04:26', '2023-07-21 08:04:26'),
(6, '2123', '2023-07-03 00:00:00', '8444877740', '1390514825', '31872086', '508790', '80000', '1,3,14,16,26,31,30', '38682', '8682', '682', '82', '80000000', '5000000', '400000', '40000', '2023-07-21 08:04:26', '2023-07-21 08:04:26'),
(7, '2122', '2023-06-29 00:00:00', '7273578590', '430013425', '44007413', '626440', '80000', '1,3,16,29,34,38,27', '67893', '7893', '893', '93', '37121719.5', '2500000', '200000', '20000', '2023-07-21 08:04:26', '2023-07-21 08:04:26'),
(8, '2121', '2023-06-26 00:00:00', '6349422927', '671488300', '23384300', '386163', '80000', '7,10,11,17,29,33,1', '27120', '7120', '120', '20', '91537322.5', '2500000', '200000', '20000', '2023-07-21 08:04:26', '2023-07-21 08:04:26'),
(9, '2120', '2023-06-22 00:00:00', '19673445691', '571532000', '23184000', '516698', '80000', '1,2,3,14,23,38,25', '91839', '1839', '839', '39', '107159822', '2500000', '200000', '20000', '2023-07-21 08:04:26', '2023-07-21 08:04:26'),
(10, '2119', '2023-06-19 00:00:00', '17807133691', '2082046925', '25439400', '470664', '80000', '3,6,11,14,19,30,29', '65703', '5703', '703', '03', '400000000', '5000000', '400000', '40000', '2023-07-21 08:04:26', '2023-07-21 08:04:26'),
(16, '2129', '2023-07-24 00:00:00', '15791847571', '1973195750', '39016125', '1243542', '200000', '11,18,25,27,36,39,8', '00182', '0182', '182', '82', '0', '2500000', '200000', '20000', '2023-07-25 15:12:22', '2023-07-25 15:12:22'),
(20, '2130', '2023-07-27 00:00:00', '18107693102', '1354745625', '35495625', '1228695', '200000', '11,16,23,24,29,40,18', '62445', '2445', '445', '45', '0', '450000', '45000', '4000', '2023-07-28 10:22:39', '2023-07-28 10:22:39'),
(39, '2131', '2023-07-31 00:00:00', '20876000727', '765792250', '44909400', '1467627', '200000', '3,14,17,32,39,40,33', '37502', '7502', '502', '02', '57613202.5', '2500000', '200000', '20000', '0000-00-00 00:00:00', '2023-08-03 16:45:12'),
(40, '2132', '2023-08-03 00:00:00', '22739322196', '1466124938', '25351313', '1054735', '200000', '4,9,12,23,26,34,2', '99084', '9084', '084', '84', '400000000', '5000000', '400000', '40000', '0000-00-00 00:00:00', '2023-08-07 09:33:53'),
(42, '2133', '2023-08-07 00:00:00', '24721518759', '2176050563', '47195156', '1142394', '200000', '3,5,17,19,25,34,29', '90260', '0260', '260', '60', '0', '2500000', '200000', '20000', '0000-00-00 00:00:00', '2023-08-08 14:42:32'),
(43, '2134', '2023-08-10 00:00:00', '26819855822', '3664399813', '72669682', '1140323', '200000', '5,11,16,23,30,33,8', '14157', '4157', '157', '57', '0', '2500000', '200000', '20000', '0000-00-00 00:00:00', '2023-08-11 09:08:56'),
(44, '2135', '2023-08-14 00:00:00', '28951013916', '1730813875', '67655813', '1268546', '200000', '2,9,11,18,37,42,22', '57206', '7206', '206', '06', '0', '2500000', '200000', '20000', '0000-00-00 00:00:00', '2023-08-16 09:49:28'),
(45, '2136', '2023-08-17 00:00:00', '31157399916', '796788000', '93392000', '1142022', '200000', '1,2,4,11,15,35,31', '85900', '5900', '900', '00', '200000000', '5000000', '400000', '40000', '0000-00-00 00:00:00', '2023-08-18 09:12:34');

--
-- Indexes for dumped tables
--

--
-- Indexes for table `draws`
--
ALTER TABLE `draws`
  ADD PRIMARY KEY (`id`);

--
-- Indexes for table `loto`
--
ALTER TABLE `loto`
  ADD PRIMARY KEY (`id`);

--
-- Indexes for table `orders`
--
ALTER TABLE `orders`
  ADD PRIMARY KEY (`id`);

--
-- Indexes for table `prices`
--
ALTER TABLE `prices`
  ADD PRIMARY KEY (`id`);

--
-- Indexes for table `results`
--
ALTER TABLE `results`
  ADD PRIMARY KEY (`id`);

--
-- AUTO_INCREMENT for dumped tables
--

--
-- AUTO_INCREMENT for table `draws`
--
ALTER TABLE `draws`
  MODIFY `id` int(11) NOT NULL AUTO_INCREMENT, AUTO_INCREMENT=51;

--
-- AUTO_INCREMENT for table `loto`
--
ALTER TABLE `loto`
  MODIFY `id` int(11) NOT NULL AUTO_INCREMENT, AUTO_INCREMENT=601;

--
-- AUTO_INCREMENT for table `orders`
--
ALTER TABLE `orders`
  MODIFY `id` int(11) NOT NULL AUTO_INCREMENT, AUTO_INCREMENT=397;

--
-- AUTO_INCREMENT for table `prices`
--
ALTER TABLE `prices`
  MODIFY `id` int(11) NOT NULL AUTO_INCREMENT, AUTO_INCREMENT=110;

--
-- AUTO_INCREMENT for table `results`
--
ALTER TABLE `results`
  MODIFY `id` int(11) NOT NULL AUTO_INCREMENT, AUTO_INCREMENT=46;
COMMIT;

/*!40101 SET CHARACTER_SET_CLIENT=@OLD_CHARACTER_SET_CLIENT */;
/*!40101 SET CHARACTER_SET_RESULTS=@OLD_CHARACTER_SET_RESULTS */;
/*!40101 SET COLLATION_CONNECTION=@OLD_COLLATION_CONNECTION */;
