-- phpMyAdmin SQL Dump
-- version 5.2.0
-- https://www.phpmyadmin.net/
--
-- Host: 127.0.0.1
-- Generation Time: Aug 21, 2023 at 08:56 AM
-- Server version: 10.4.27-MariaDB
-- PHP Version: 7.4.26

SET SQL_MODE = "NO_AUTO_VALUE_ON_ZERO";
START TRANSACTION;
SET time_zone = "+00:00";


/*!40101 SET @OLD_CHARACTER_SET_CLIENT=@@CHARACTER_SET_CLIENT */;
/*!40101 SET @OLD_CHARACTER_SET_RESULTS=@@CHARACTER_SET_RESULTS */;
/*!40101 SET @OLD_COLLATION_CONNECTION=@@COLLATION_CONNECTION */;
/*!40101 SET NAMES utf8mb4 */;

--
-- Database: `suyool_ogero`
--

-- --------------------------------------------------------

--
-- Table structure for table `landline`
--

CREATE TABLE `landline` (
  `id` int(100) NOT NULL,
  `suyoolUserId` int(100) NOT NULL,
  `gsmNumber` int(10) NOT NULL,
  `transactionId` int(50) NOT NULL,
  `transactionDescription` varchar(50) NOT NULL,
  `referenceNumber` varchar(50) NOT NULL,
  `ogeroBills` text NOT NULL,
  `ogeroPenalty` varchar(255) NOT NULL,
  `ogeroInitiationDate` varchar(50) NOT NULL,
  `ogeroClientName` varchar(255) NOT NULL,
  `ogeroAddress` varchar(255) NOT NULL,
  `currency` varchar(50) NOT NULL,
  `amount` varchar(50) NOT NULL,
  `amount1` varchar(50) NOT NULL,
  `amount2` varchar(50) NOT NULL,
  `totalAmount` varchar(50) NOT NULL,
  `ogeroTotalAmount` varchar(50) NOT NULL,
  `ogeroFees` varchar(50) NOT NULL,
  `additionalFees` varchar(50) NOT NULL,
  `fees` varchar(50) NOT NULL,
  `fees1` varchar(50) NOT NULL,
  `displayedFees` int(50) DEFAULT NULL,
  `rounding` varchar(50) NOT NULL,
  `created` datetime NOT NULL DEFAULT current_timestamp(),
  `updated` datetime NOT NULL DEFAULT current_timestamp() ON UPDATE current_timestamp()
) ENGINE=InnoDB DEFAULT CHARSET=utf8mb4 COLLATE=utf8mb4_general_ci;

--
-- Dumping data for table `landline`
--

INSERT INTO `landline` (`id`, `suyoolUserId`, `gsmNumber`, `transactionId`, `transactionDescription`, `referenceNumber`, `ogeroBills`, `ogeroPenalty`, `ogeroInitiationDate`, `ogeroClientName`, `ogeroAddress`, `currency`, `amount`, `amount1`, `amount2`, `totalAmount`, `ogeroTotalAmount`, `ogeroFees`, `additionalFees`, `fees`, `fees1`, `displayedFees`, `rounding`, `created`, `updated`) VALUES
(1, 89, 1123120, 1735641, '20230800000196', '20230800000196', '[{\"Year\":\"2019\",\"Amount\":\"50,000\",\"Month\":\"5\"}]', '', '15/08/1945', 'ملحم بركات', 'كفرشيما ش. نزار فرنسيس ب. ماجدة الرومي / ملكه', 'LBP', '52000', '50000', '0', '53000', '52000', '2000', '0', '1000', '0', NULL, '0', '2023-08-11 10:48:12', '2023-08-11 10:48:12'),
(2, 89, 1123120, 1735649, '20230800000204', '20230800000204', '[{\"Year\":\"2019\",\"Amount\":\"50,000\",\"Month\":\"5\"}]', '', '15/08/1945', 'ملحم بركات', 'كفرشيما ش. نزار فرنسيس ب. ماجدة الرومي / ملكه', 'LBP', '52000', '50000', '0', '53000', '52000', '2000', '0', '1000', '0', NULL, '0', '2023-08-11 11:50:50', '2023-08-11 11:50:50'),
(3, 89, 1123120, 1735650, '20230800000205', '20230800000205', '[{\"Year\":\"2019\",\"Amount\":\"50,000\",\"Month\":\"5\"}]', '', '15/08/1945', 'ملحم بركات', 'كفرشيما ش. نزار فرنسيس ب. ماجدة الرومي / ملكه', 'LBP', '52000', '50000', '0', '53000', '52000', '2000', '0', '1000', '0', NULL, '0', '2023-08-11 11:56:01', '2023-08-11 11:56:01'),
(4, 89, 1123120, 1735651, '20230800000206', '20230800000206', '[{\"Year\":\"2019\",\"Amount\":\"50,000\",\"Month\":\"5\"}]', '', '15/08/1945', 'ملحم بركات', 'كفرشيما ش. نزار فرنسيس ب. ماجدة الرومي / ملكه', 'LBP', '52000', '50000', '0', '53000', '52000', '2000', '0', '1000', '0', NULL, '0', '2023-08-11 11:59:43', '2023-08-11 11:59:43'),
(5, 89, 1123120, 1735652, '20230800000207', '20230800000207', '[{\"Year\":\"2019\",\"Amount\":\"50,000\",\"Month\":\"5\"}]', '', '15/08/1945', 'ملحم بركات', 'كفرشيما ش. نزار فرنسيس ب. ماجدة الرومي / ملكه', 'LBP', '52000', '50000', '0', '53000', '52000', '2000', '0', '1000', '0', NULL, '0', '2023-08-11 12:00:29', '2023-08-11 12:00:29'),
(6, 89, 1123120, 1735671, '20230800000226', '20230800000226', '[{\"Year\":\"2019\",\"Amount\":\"50,000\",\"Month\":\"5\"}]', '', '15/08/1945', 'ملحم بركات', 'كفرشيما ش. نزار فرنسيس ب. ماجدة الرومي / ملكه', 'LBP', '52000', '50000', '0', '53000', '52000', '2000', '0', '1000', '0', NULL, '0', '2023-08-11 12:53:13', '2023-08-11 12:53:13'),
(7, 89, 1123120, 1735672, '20230800000227', '20230800000227', '[{\"Year\":\"2019\",\"Amount\":\"50,000\",\"Month\":\"5\"}]', '', '15/08/1945', 'ملحم بركات', 'كفرشيما ش. نزار فرنسيس ب. ماجدة الرومي / ملكه', 'LBP', '52000', '50000', '0', '53000', '52000', '2000', '0', '1000', '0', NULL, '0', '2023-08-11 12:54:37', '2023-08-11 12:54:37'),
(8, 89, 1123120, 1735673, '20230800000228', '20230800000228', '[{\"Year\":\"2019\",\"Amount\":\"50,000\",\"Month\":\"5\"}]', '', '15/08/1945', 'ملحم بركات', 'كفرشيما ش. نزار فرنسيس ب. ماجدة الرومي / ملكه', 'LBP', '52000', '50000', '0', '53000', '52000', '2000', '0', '1000', '0', NULL, '0', '2023-08-11 12:55:36', '2023-08-11 12:55:36'),
(9, 89, 1123120, 1735674, '20230800000229', '20230800000229', '[{\"Year\":\"2019\",\"Amount\":\"50,000\",\"Month\":\"5\"}]', '', '15/08/1945', 'ملحم بركات', 'كفرشيما ش. نزار فرنسيس ب. ماجدة الرومي / ملكه', 'LBP', '52000', '50000', '0', '53000', '52000', '2000', '0', '1000', '0', NULL, '0', '2023-08-11 12:56:51', '2023-08-11 12:56:51'),
(10, 89, 1123120, 1735675, '20230800000230', '20230800000230', '[{\"Year\":\"2019\",\"Amount\":\"50,000\",\"Month\":\"5\"}]', '', '15/08/1945', 'ملحم بركات', 'كفرشيما ش. نزار فرنسيس ب. ماجدة الرومي / ملكه', 'LBP', '52000', '50000', '0', '53000', '52000', '2000', '0', '1000', '0', NULL, '0', '2023-08-11 12:57:56', '2023-08-11 12:57:56'),
(11, 89, 1123120, 1735676, '20230800000231', '20230800000231', '[{\"Year\":\"2019\",\"Amount\":\"50,000\",\"Month\":\"5\"}]', '', '15/08/1945', 'ملحم بركات', 'كفرشيما ش. نزار فرنسيس ب. ماجدة الرومي / ملكه', 'LBP', '52000', '50000', '0', '53000', '52000', '2000', '0', '1000', '0', NULL, '0', '2023-08-11 13:03:42', '2023-08-11 13:03:42'),
(12, 89, 1123120, 1735677, '20230800000232', '20230800000232', '[{\"Year\":\"2019\",\"Amount\":\"50,000\",\"Month\":\"5\"}]', '', '15/08/1945', 'ملحم بركات', 'كفرشيما ش. نزار فرنسيس ب. ماجدة الرومي / ملكه', 'LBP', '52000', '50000', '0', '53000', '52000', '2000', '0', '1000', '0', NULL, '0', '2023-08-11 13:08:53', '2023-08-11 13:08:53'),
(13, 89, 1123120, 1735679, '20230800000234', '20230800000234', '[{\"Year\":\"2019\",\"Amount\":\"50,000\",\"Month\":\"5\"}]', '', '15/08/1945', 'ملحم بركات', 'كفرشيما ش. نزار فرنسيس ب. ماجدة الرومي / ملكه', 'LBP', '52000', '50000', '0', '53000', '52000', '2000', '0', '1000', '0', NULL, '0', '2023-08-11 13:31:01', '2023-08-11 13:31:01'),
(14, 89, 1123120, 1735681, '20230800000236', '20230800000236', '[{\"Year\":\"2019\",\"Amount\":\"50,000\",\"Month\":\"5\"}]', '', '15/08/1945', 'ملحم بركات', 'كفرشيما ش. نزار فرنسيس ب. ماجدة الرومي / ملكه', 'LBP', '52000', '50000', '0', '53000', '52000', '2000', '0', '1000', '0', NULL, '0', '2023-08-11 14:04:15', '2023-08-11 14:04:15'),
(15, 89, 1123120, 1735704, '20230800000259', '20230800000259', '[{\"Year\":\"2019\",\"Amount\":\"50,000\",\"Month\":\"5\"}]', '', '15/08/1945', 'ملحم بركات', 'كفرشيما ش. نزار فرنسيس ب. ماجدة الرومي / ملكه', 'LBP', '52000', '50000', '0', '53000', '52000', '2000', '0', '1000', '0', NULL, '0', '2023-08-11 14:41:10', '2023-08-11 14:41:10'),
(16, 89, 1123120, 1735701, '20230800000256', '20230800000256', '[{\"Year\":\"2019\",\"Amount\":\"50,000\",\"Month\":\"5\"}]', '', '15/08/1945', 'ملحم بركات', 'كفرشيما ش. نزار فرنسيس ب. ماجدة الرومي / ملكه', 'LBP', '52000', '50000', '0', '53000', '52000', '2000', '0', '1000', '0', NULL, '0', '2023-08-11 14:42:01', '2023-08-11 14:42:01'),
(17, 89, 1123120, 1735771, '20230800000314', '20230800000314', '[{\"Year\":\"2019\",\"Amount\":\"50,000\",\"Month\":\"5\"}]', '', '15/08/1945', 'ملحم بركات', 'كفرشيما ش. نزار فرنسيس ب. ماجدة الرومي / ملكه', 'LBP', '52000', '50000', '0', '53000', '52000', '2000', '0', '1000', '0', 3000, '0', '2023-08-14 12:37:20', '2023-08-14 12:37:20'),
(18, 89, 1123120, 1735782, '20230800000323', '20230800000323', '[{\"Year\":\"2019\",\"Amount\":\"50,000\",\"Month\":\"5\"}]', '', '15/08/1945', 'ملحم بركات', 'كفرشيما ش. نزار فرنسيس ب. ماجدة الرومي / ملكه', 'LBP', '52000', '50000', '0', '53000', '52000', '2000', '0', '1000', '0', 3000, '0', '2023-08-16 10:42:18', '2023-08-16 10:42:18'),
(19, 89, 1123120, 1735783, '20230800000324', '20230800000324', '[{\"Year\":\"2019\",\"Amount\":\"50,000\",\"Month\":\"5\"}]', '', '15/08/1945', 'ملحم بركات', 'كفرشيما ش. نزار فرنسيس ب. ماجدة الرومي / ملكه', 'LBP', '52000', '50000', '0', '53000', '52000', '2000', '0', '1000', '0', 3000, '0', '2023-08-16 10:42:34', '2023-08-16 10:42:34');

-- --------------------------------------------------------

--
-- Table structure for table `landlinerequest`
--

CREATE TABLE `landlinerequest` (
  `id` int(100) NOT NULL,
  `suyoolUserId` int(100) NOT NULL,
  `gsmNumber` varchar(10) NOT NULL,
  `transactionId` int(50) NOT NULL,
  `ogeroBills` text NOT NULL,
  `ogeroPenalty` varchar(255) NOT NULL,
  `ogeroInitiationDate` varchar(50) NOT NULL,
  `ogeroClientName` varchar(255) NOT NULL,
  `ogeroAddress` varchar(255) NOT NULL,
  `currency` varchar(50) NOT NULL,
  `amount` varchar(50) NOT NULL,
  `amount1` varchar(50) NOT NULL,
  `amount2` varchar(50) NOT NULL,
  `totalAmount` varchar(50) NOT NULL,
  `ogeroTotalAmount` varchar(50) NOT NULL,
  `ogeroFees` varchar(50) NOT NULL,
  `additionalFees` varchar(50) NOT NULL,
  `fees` varchar(50) NOT NULL,
  `fees1` varchar(50) NOT NULL,
  `displayedFees` int(50) DEFAULT NULL,
  `rounding` varchar(50) NOT NULL,
  `created` datetime NOT NULL DEFAULT current_timestamp(),
  `updated` datetime NOT NULL DEFAULT current_timestamp() ON UPDATE current_timestamp()
) ENGINE=InnoDB DEFAULT CHARSET=utf8mb4 COLLATE=utf8mb4_general_ci;

--
-- Dumping data for table `landlinerequest`
--

INSERT INTO `landlinerequest` (`id`, `suyoolUserId`, `gsmNumber`, `transactionId`, `ogeroBills`, `ogeroPenalty`, `ogeroInitiationDate`, `ogeroClientName`, `ogeroAddress`, `currency`, `amount`, `amount1`, `amount2`, `totalAmount`, `ogeroTotalAmount`, `ogeroFees`, `additionalFees`, `fees`, `fees1`, `displayedFees`, `rounding`, `created`, `updated`) VALUES
(1, 89, '01123120', 1735641, '[{\"Year\":\"2019\",\"Amount\":\"50,000\",\"Month\":\"5\"}]', '', '15/08/1945', 'ملحم بركات', 'كفرشيما ش. نزار فرنسيس ب. ماجدة الرومي / ملكه', 'LBP', '52000', '50000', '0', '53000', '52000', '2000', '0', '1000', '0', NULL, '0', '2023-08-11 10:48:04', '2023-08-11 10:48:04'),
(2, 89, '01123120', 1735648, '[{\"Year\":\"2019\",\"Amount\":\"50,000\",\"Month\":\"5\"}]', '', '15/08/1945', 'ملحم بركات', 'كفرشيما ش. نزار فرنسيس ب. ماجدة الرومي / ملكه', 'LBP', '52000', '50000', '0', '53000', '52000', '2000', '0', '1000', '0', NULL, '0', '2023-08-11 11:49:49', '2023-08-11 11:49:49'),
(3, 89, '01123120', 1735649, '[{\"Year\":\"2019\",\"Amount\":\"50,000\",\"Month\":\"5\"}]', '', '15/08/1945', 'ملحم بركات', 'كفرشيما ش. نزار فرنسيس ب. ماجدة الرومي / ملكه', 'LBP', '52000', '50000', '0', '53000', '52000', '2000', '0', '1000', '0', NULL, '0', '2023-08-11 11:50:43', '2023-08-11 11:50:43'),
(4, 89, '01123120', 1735650, '[{\"Year\":\"2019\",\"Amount\":\"50,000\",\"Month\":\"5\"}]', '', '15/08/1945', 'ملحم بركات', 'كفرشيما ش. نزار فرنسيس ب. ماجدة الرومي / ملكه', 'LBP', '52000', '50000', '0', '53000', '52000', '2000', '0', '1000', '0', NULL, '0', '2023-08-11 11:55:54', '2023-08-11 11:55:54'),
(5, 89, '01123120', 1735651, '[{\"Year\":\"2019\",\"Amount\":\"50,000\",\"Month\":\"5\"}]', '', '15/08/1945', 'ملحم بركات', 'كفرشيما ش. نزار فرنسيس ب. ماجدة الرومي / ملكه', 'LBP', '52000', '50000', '0', '53000', '52000', '2000', '0', '1000', '0', NULL, '0', '2023-08-11 11:59:36', '2023-08-11 11:59:36'),
(6, 89, '01123120', 1735652, '[{\"Year\":\"2019\",\"Amount\":\"50,000\",\"Month\":\"5\"}]', '', '15/08/1945', 'ملحم بركات', 'كفرشيما ش. نزار فرنسيس ب. ماجدة الرومي / ملكه', 'LBP', '52000', '50000', '0', '53000', '52000', '2000', '0', '1000', '0', NULL, '0', '2023-08-11 12:00:22', '2023-08-11 12:00:22'),
(7, 89, '01123120', 1735671, '[{\"Year\":\"2019\",\"Amount\":\"50,000\",\"Month\":\"5\"}]', '', '15/08/1945', 'ملحم بركات', 'كفرشيما ش. نزار فرنسيس ب. ماجدة الرومي / ملكه', 'LBP', '52000', '50000', '0', '53000', '52000', '2000', '0', '1000', '0', NULL, '0', '2023-08-11 12:53:07', '2023-08-11 12:53:07'),
(8, 89, '01123120', 1735672, '[{\"Year\":\"2019\",\"Amount\":\"50,000\",\"Month\":\"5\"}]', '', '15/08/1945', 'ملحم بركات', 'كفرشيما ش. نزار فرنسيس ب. ماجدة الرومي / ملكه', 'LBP', '52000', '50000', '0', '53000', '52000', '2000', '0', '1000', '0', NULL, '0', '2023-08-11 12:54:31', '2023-08-11 12:54:31'),
(9, 89, '01123120', 1735673, '[{\"Year\":\"2019\",\"Amount\":\"50,000\",\"Month\":\"5\"}]', '', '15/08/1945', 'ملحم بركات', 'كفرشيما ش. نزار فرنسيس ب. ماجدة الرومي / ملكه', 'LBP', '52000', '50000', '0', '53000', '52000', '2000', '0', '1000', '0', NULL, '0', '2023-08-11 12:55:30', '2023-08-11 12:55:30'),
(10, 89, '01123120', 1735674, '[{\"Year\":\"2019\",\"Amount\":\"50,000\",\"Month\":\"5\"}]', '', '15/08/1945', 'ملحم بركات', 'كفرشيما ش. نزار فرنسيس ب. ماجدة الرومي / ملكه', 'LBP', '52000', '50000', '0', '53000', '52000', '2000', '0', '1000', '0', NULL, '0', '2023-08-11 12:56:45', '2023-08-11 12:56:45'),
(11, 89, '01123120', 1735675, '[{\"Year\":\"2019\",\"Amount\":\"50,000\",\"Month\":\"5\"}]', '', '15/08/1945', 'ملحم بركات', 'كفرشيما ش. نزار فرنسيس ب. ماجدة الرومي / ملكه', 'LBP', '52000', '50000', '0', '53000', '52000', '2000', '0', '1000', '0', NULL, '0', '2023-08-11 12:57:50', '2023-08-11 12:57:50'),
(12, 89, '01123120', 1735676, '[{\"Year\":\"2019\",\"Amount\":\"50,000\",\"Month\":\"5\"}]', '', '15/08/1945', 'ملحم بركات', 'كفرشيما ش. نزار فرنسيس ب. ماجدة الرومي / ملكه', 'LBP', '52000', '50000', '0', '53000', '52000', '2000', '0', '1000', '0', NULL, '0', '2023-08-11 13:03:36', '2023-08-11 13:03:36'),
(13, 89, '01123120', 1735677, '[{\"Year\":\"2019\",\"Amount\":\"50,000\",\"Month\":\"5\"}]', '', '15/08/1945', 'ملحم بركات', 'كفرشيما ش. نزار فرنسيس ب. ماجدة الرومي / ملكه', 'LBP', '52000', '50000', '0', '53000', '52000', '2000', '0', '1000', '0', NULL, '0', '2023-08-11 13:08:46', '2023-08-11 13:08:46'),
(14, 89, '01123120', 1735679, '[{\"Year\":\"2019\",\"Amount\":\"50,000\",\"Month\":\"5\"}]', '', '15/08/1945', 'ملحم بركات', 'كفرشيما ش. نزار فرنسيس ب. ماجدة الرومي / ملكه', 'LBP', '52000', '50000', '0', '53000', '52000', '2000', '0', '1000', '0', NULL, '0', '2023-08-11 13:30:35', '2023-08-11 13:30:35'),
(15, 89, '01123120', 1735681, '[{\"Year\":\"2019\",\"Amount\":\"50,000\",\"Month\":\"5\"}]', '', '15/08/1945', 'ملحم بركات', 'كفرشيما ش. نزار فرنسيس ب. ماجدة الرومي / ملكه', 'LBP', '52000', '50000', '0', '53000', '52000', '2000', '0', '1000', '0', NULL, '0', '2023-08-11 14:02:32', '2023-08-11 14:02:32'),
(16, 89, '01123120', 1735682, '[{\"Year\":\"2019\",\"Amount\":\"50,000\",\"Month\":\"5\"}]', '', '15/08/1945', 'ملحم بركات', 'كفرشيما ش. نزار فرنسيس ب. ماجدة الرومي / ملكه', 'LBP', '52000', '50000', '0', '53000', '52000', '2000', '0', '1000', '0', NULL, '0', '2023-08-11 14:05:20', '2023-08-11 14:05:20'),
(17, 89, '01123120', 1735683, '[{\"Year\":\"2019\",\"Amount\":\"50,000\",\"Month\":\"5\"}]', '', '15/08/1945', 'ملحم بركات', 'كفرشيما ش. نزار فرنسيس ب. ماجدة الرومي / ملكه', 'LBP', '52000', '50000', '0', '53000', '52000', '2000', '0', '1000', '0', NULL, '0', '2023-08-11 14:05:38', '2023-08-11 14:05:38'),
(18, 89, '01123120', 1735686, '[{\"Year\":\"2019\",\"Amount\":\"50,000\",\"Month\":\"5\"}]', '', '15/08/1945', 'ملحم بركات', 'كفرشيما ش. نزار فرنسيس ب. ماجدة الرومي / ملكه', 'LBP', '52000', '50000', '0', '53000', '52000', '2000', '0', '1000', '0', NULL, '0', '2023-08-11 14:06:21', '2023-08-11 14:06:21'),
(19, 89, '01123120', 1735692, '[{\"Year\":\"2019\",\"Amount\":\"50,000\",\"Month\":\"5\"}]', '', '15/08/1945', 'ملحم بركات', 'كفرشيما ش. نزار فرنسيس ب. ماجدة الرومي / ملكه', 'LBP', '52000', '50000', '0', '53000', '52000', '2000', '0', '1000', '0', NULL, '0', '2023-08-11 14:09:44', '2023-08-11 14:09:44'),
(20, 89, '01123120', 1735693, '[{\"Year\":\"2019\",\"Amount\":\"50,000\",\"Month\":\"5\"}]', '', '15/08/1945', 'ملحم بركات', 'كفرشيما ش. نزار فرنسيس ب. ماجدة الرومي / ملكه', 'LBP', '52000', '50000', '0', '53000', '52000', '2000', '0', '1000', '0', NULL, '0', '2023-08-11 14:10:25', '2023-08-11 14:10:25'),
(21, 89, '01123120', 1735694, '[{\"Year\":\"2019\",\"Amount\":\"50,000\",\"Month\":\"5\"}]', '', '15/08/1945', 'ملحم بركات', 'كفرشيما ش. نزار فرنسيس ب. ماجدة الرومي / ملكه', 'LBP', '52000', '50000', '0', '53000', '52000', '2000', '0', '1000', '0', NULL, '0', '2023-08-11 14:15:53', '2023-08-11 14:15:53'),
(22, 89, '01123120', 1735695, '[{\"Year\":\"2019\",\"Amount\":\"50,000\",\"Month\":\"5\"}]', '', '15/08/1945', 'ملحم بركات', 'كفرشيما ش. نزار فرنسيس ب. ماجدة الرومي / ملكه', 'LBP', '52000', '50000', '0', '53000', '52000', '2000', '0', '1000', '0', NULL, '0', '2023-08-11 14:16:21', '2023-08-11 14:16:21'),
(23, 89, '01123120', 1735696, '[{\"Year\":\"2019\",\"Amount\":\"50,000\",\"Month\":\"5\"}]', '', '15/08/1945', 'ملحم بركات', 'كفرشيما ش. نزار فرنسيس ب. ماجدة الرومي / ملكه', 'LBP', '52000', '50000', '0', '53000', '52000', '2000', '0', '1000', '0', NULL, '0', '2023-08-11 14:19:25', '2023-08-11 14:19:25'),
(24, 89, '01123120', 1735700, '[{\"Year\":\"2019\",\"Amount\":\"50,000\",\"Month\":\"5\"}]', '', '15/08/1945', 'ملحم بركات', 'كفرشيما ش. نزار فرنسيس ب. ماجدة الرومي / ملكه', 'LBP', '52000', '50000', '0', '53000', '52000', '2000', '0', '1000', '0', NULL, '0', '2023-08-11 14:25:42', '2023-08-11 14:25:42'),
(25, 89, '01123120', 1735701, '[{\"Year\":\"2019\",\"Amount\":\"50,000\",\"Month\":\"5\"}]', '', '15/08/1945', 'ملحم بركات', 'كفرشيما ش. نزار فرنسيس ب. ماجدة الرومي / ملكه', 'LBP', '52000', '50000', '0', '53000', '52000', '2000', '0', '1000', '0', NULL, '0', '2023-08-11 14:27:36', '2023-08-11 14:27:36'),
(26, 89, '01123120', 1735702, '[{\"Year\":\"2019\",\"Amount\":\"50,000\",\"Month\":\"5\"}]', '', '15/08/1945', 'ملحم بركات', 'كفرشيما ش. نزار فرنسيس ب. ماجدة الرومي / ملكه', 'LBP', '52000', '50000', '0', '53000', '52000', '2000', '0', '1000', '0', NULL, '0', '2023-08-11 14:30:43', '2023-08-11 14:30:43'),
(27, 89, '01123120', 1735703, '[{\"Year\":\"2019\",\"Amount\":\"50,000\",\"Month\":\"5\"}]', '', '15/08/1945', 'ملحم بركات', 'كفرشيما ش. نزار فرنسيس ب. ماجدة الرومي / ملكه', 'LBP', '52000', '50000', '0', '53000', '52000', '2000', '0', '1000', '0', NULL, '0', '2023-08-11 14:40:08', '2023-08-11 14:40:08'),
(28, 89, '01123120', 1735704, '[{\"Year\":\"2019\",\"Amount\":\"50,000\",\"Month\":\"5\"}]', '', '15/08/1945', 'ملحم بركات', 'كفرشيما ش. نزار فرنسيس ب. ماجدة الرومي / ملكه', 'LBP', '52000', '50000', '0', '53000', '52000', '2000', '0', '1000', '0', NULL, '0', '2023-08-11 14:41:01', '2023-08-11 14:41:01'),
(29, 89, '01123120', 1735705, '[{\"Year\":\"2019\",\"Amount\":\"50,000\",\"Month\":\"5\"}]', '', '15/08/1945', 'ملحم بركات', 'كفرشيما ش. نزار فرنسيس ب. ماجدة الرومي / ملكه', 'LBP', '52000', '50000', '0', '53000', '52000', '2000', '0', '1000', '0', NULL, '0', '2023-08-11 14:47:22', '2023-08-11 14:47:22'),
(30, 89, '01123120', 1735706, '[{\"Year\":\"2019\",\"Amount\":\"50,000\",\"Month\":\"5\"}]', '', '15/08/1945', 'ملحم بركات', 'كفرشيما ش. نزار فرنسيس ب. ماجدة الرومي / ملكه', 'LBP', '52000', '50000', '0', '53000', '52000', '2000', '0', '1000', '0', NULL, '0', '2023-08-11 14:47:26', '2023-08-11 14:47:26'),
(31, 89, '01123120', 1735707, '[{\"Year\":\"2019\",\"Amount\":\"50,000\",\"Month\":\"5\"}]', '', '15/08/1945', 'ملحم بركات', 'كفرشيما ش. نزار فرنسيس ب. ماجدة الرومي / ملكه', 'LBP', '52000', '50000', '0', '53000', '52000', '2000', '0', '1000', '0', NULL, '0', '2023-08-11 15:07:24', '2023-08-11 15:07:24'),
(32, 89, '01123120', 1735708, '[{\"Year\":\"2019\",\"Amount\":\"50,000\",\"Month\":\"5\"}]', '', '15/08/1945', 'ملحم بركات', 'كفرشيما ش. نزار فرنسيس ب. ماجدة الرومي / ملكه', 'LBP', '52000', '50000', '0', '53000', '52000', '2000', '0', '1000', '0', NULL, '0', '2023-08-11 15:12:32', '2023-08-11 15:12:32'),
(33, 89, '01123120', 1735755, '[{\"Year\":\"2019\",\"Amount\":\"50,000\",\"Month\":\"5\"}]', '', '15/08/1945', 'ملحم بركات', 'كفرشيما ش. نزار فرنسيس ب. ماجدة الرومي / ملكه', 'LBP', '52000', '50000', '0', '53000', '52000', '2000', '0', '1000', '0', NULL, '0', '2023-08-14 09:18:24', '2023-08-14 09:18:24'),
(34, 89, '01123120', 1735771, '[{\"Year\":\"2019\",\"Amount\":\"50,000\",\"Month\":\"5\"}]', '', '15/08/1945', 'ملحم بركات', 'كفرشيما ش. نزار فرنسيس ب. ماجدة الرومي / ملكه', 'LBP', '52000', '50000', '0', '53000', '52000', '2000', '0', '1000', '0', 3000, '0', '2023-08-14 12:37:08', '2023-08-14 12:37:08'),
(35, 89, '01123120', 1735780, '[{\"Year\":\"2019\",\"Amount\":\"50,000\",\"Month\":\"5\"}]', '', '15/08/1945', 'ملحم بركات', 'كفرشيما ش. نزار فرنسيس ب. ماجدة الرومي / ملكه', 'LBP', '52000', '50000', '0', '53000', '52000', '2000', '0', '1000', '0', 3000, '0', '2023-08-16 10:40:32', '2023-08-16 10:40:32'),
(36, 89, '01123120', 1735781, '[{\"Year\":\"2019\",\"Amount\":\"50,000\",\"Month\":\"5\"}]', '', '15/08/1945', 'ملحم بركات', 'كفرشيما ش. نزار فرنسيس ب. ماجدة الرومي / ملكه', 'LBP', '52000', '50000', '0', '53000', '52000', '2000', '0', '1000', '0', 3000, '0', '2023-08-16 10:41:04', '2023-08-16 10:41:04'),
(37, 89, '01123120', 1735782, '[{\"Year\":\"2019\",\"Amount\":\"50,000\",\"Month\":\"5\"}]', '', '15/08/1945', 'ملحم بركات', 'كفرشيما ش. نزار فرنسيس ب. ماجدة الرومي / ملكه', 'LBP', '52000', '50000', '0', '53000', '52000', '2000', '0', '1000', '0', 3000, '0', '2023-08-16 10:42:05', '2023-08-16 10:42:05'),
(38, 89, '01123120', 1735783, '[{\"Year\":\"2019\",\"Amount\":\"50,000\",\"Month\":\"5\"}]', '', '15/08/1945', 'ملحم بركات', 'كفرشيما ش. نزار فرنسيس ب. ماجدة الرومي / ملكه', 'LBP', '52000', '50000', '0', '53000', '52000', '2000', '0', '1000', '0', 3000, '0', '2023-08-16 10:42:30', '2023-08-16 10:42:30');

-- --------------------------------------------------------

--
-- Table structure for table `orders`
--

CREATE TABLE `orders` (
  `id` int(11) NOT NULL,
  `suyoolUserId` int(11) NOT NULL,
  `transId` int(11) DEFAULT NULL,
  `landline_id` int(11) DEFAULT NULL,
  `status` varchar(30) NOT NULL,
  `amount` int(50) DEFAULT NULL,
  `currency` varchar(11) DEFAULT NULL,
  `create_date` datetime NOT NULL DEFAULT current_timestamp(),
  `update_date` datetime NOT NULL DEFAULT current_timestamp() ON UPDATE current_timestamp()
) ENGINE=InnoDB DEFAULT CHARSET=utf8mb4 COLLATE=utf8mb4_general_ci;

--
-- Dumping data for table `orders`
--

INSERT INTO `orders` (`id`, `suyoolUserId`, `transId`, `landline_id`, `status`, `amount`, `currency`, `create_date`, `update_date`) VALUES
(1, 89, NULL, NULL, 'pending', 53000, 'LBP', '2023-08-11 10:45:18', '2023-08-11 10:45:18'),
(2, 89, 1234, 1, 'completed', 53000, 'LBP', '2023-08-11 10:48:06', '2023-08-11 10:48:13'),
(3, 155, NULL, NULL, 'canceled', 53000, 'LBP', '2023-08-11 11:49:51', '2023-08-11 11:49:51'),
(4, 89, 7666, 2, 'completed', 53000, 'LBP', '2023-08-11 11:50:45', '2023-08-11 11:50:50'),
(5, 89, 7667, 3, 'completed', 53000, 'LBP', '2023-08-11 11:55:56', '2023-08-11 11:56:01'),
(6, 89, 7668, 4, 'completed', 53000, 'LBP', '2023-08-11 11:59:38', '2023-08-11 11:59:43'),
(7, 89, 7669, 5, 'completed', 53000, 'LBP', '2023-08-11 12:00:23', '2023-08-11 12:00:29'),
(8, 89, 7682, 6, 'completed', 53000, 'LBP', '2023-08-11 12:53:09', '2023-08-11 12:53:14'),
(9, 89, 7683, 7, 'completed', 53000, 'LBP', '2023-08-11 12:54:33', '2023-08-11 12:54:37'),
(10, 89, 7684, 8, 'completed', 53000, 'LBP', '2023-08-11 12:55:31', '2023-08-11 12:55:36'),
(11, 89, 7685, 9, 'completed', 53000, 'LBP', '2023-08-11 12:56:47', '2023-08-11 12:56:51'),
(12, 89, 7686, 10, 'completed', 53000, 'LBP', '2023-08-11 12:57:52', '2023-08-11 12:57:56'),
(13, 89, 7688, 11, 'completed', 53000, 'LBP', '2023-08-11 13:03:37', '2023-08-11 13:03:42'),
(14, 89, 7689, 12, 'completed', 53000, 'LBP', '2023-08-11 13:08:48', '2023-08-11 13:08:53'),
(15, 89, 7693, 13, 'completed', 53000, 'LBP', '2023-08-11 13:30:57', '2023-08-11 13:31:01'),
(16, 89, 7712, 14, 'completed', 53000, 'LBP', '2023-08-11 14:04:10', '2023-08-11 14:04:15'),
(17, 89, NULL, NULL, 'canceled', 53000, 'LBP', '2023-08-11 14:05:22', '2023-08-11 14:05:23'),
(18, 89, NULL, NULL, 'canceled', 53000, 'LBP', '2023-08-11 14:05:41', '2023-08-11 14:05:41'),
(19, 89, NULL, NULL, 'canceled', 53000, 'LBP', '2023-08-11 14:06:23', '2023-08-11 14:06:23'),
(20, 89, NULL, NULL, 'canceled', 53000, 'LBP', '2023-08-11 14:09:45', '2023-08-11 14:09:45'),
(21, 89, NULL, NULL, 'canceled', 53000, 'LBP', '2023-08-11 14:10:26', '2023-08-11 14:10:26'),
(22, 89, NULL, NULL, 'canceled', 53000, 'LBP', '2023-08-11 14:15:55', '2023-08-11 14:15:56'),
(23, 89, NULL, NULL, 'canceled', 53000, 'LBP', '2023-08-11 14:40:12', '2023-08-11 14:40:12'),
(24, 89, 7731, 15, 'completed', 53000, 'LBP', '2023-08-11 14:41:04', '2023-08-11 14:41:10'),
(25, 89, 7736, 16, 'completed', 53000, 'LBP', '2023-08-11 14:41:57', '2023-08-11 14:42:01'),
(26, 89, NULL, NULL, 'canceled', 53000, 'LBP', '2023-08-11 14:47:29', '2023-08-11 14:47:29'),
(27, 89, NULL, NULL, 'canceled', 53000, 'LBP', '2023-08-14 09:18:29', '2023-08-14 09:18:35'),
(28, 89, 8043, 17, 'completed', 53000, 'LBP', '2023-08-14 12:37:14', '2023-08-14 12:37:20'),
(29, 89, 8325, 18, 'purchased', 53000, 'LBP', '2023-08-16 10:42:08', '2023-08-16 10:42:18'),
(30, 89, 8326, 19, 'completed', 53000, 'LBP', '2023-08-16 10:42:32', '2023-08-16 10:42:34');

--
-- Indexes for dumped tables
--

--
-- Indexes for table `landline`
--
ALTER TABLE `landline`
  ADD PRIMARY KEY (`id`);

--
-- Indexes for table `landlinerequest`
--
ALTER TABLE `landlinerequest`
  ADD PRIMARY KEY (`id`);

--
-- Indexes for table `orders`
--
ALTER TABLE `orders`
  ADD PRIMARY KEY (`id`),
  ADD UNIQUE KEY `postpaid_id` (`landline_id`);

--
-- AUTO_INCREMENT for dumped tables
--

--
-- AUTO_INCREMENT for table `landline`
--
ALTER TABLE `landline`
  MODIFY `id` int(100) NOT NULL AUTO_INCREMENT, AUTO_INCREMENT=20;

--
-- AUTO_INCREMENT for table `landlinerequest`
--
ALTER TABLE `landlinerequest`
  MODIFY `id` int(100) NOT NULL AUTO_INCREMENT, AUTO_INCREMENT=39;

--
-- AUTO_INCREMENT for table `orders`
--
ALTER TABLE `orders`
  MODIFY `id` int(11) NOT NULL AUTO_INCREMENT, AUTO_INCREMENT=31;
COMMIT;

/*!40101 SET CHARACTER_SET_CLIENT=@OLD_CHARACTER_SET_CLIENT */;
/*!40101 SET CHARACTER_SET_RESULTS=@OLD_CHARACTER_SET_RESULTS */;
/*!40101 SET COLLATION_CONNECTION=@OLD_COLLATION_CONNECTION */;
