-- phpMyAdmin SQL Dump
-- version 5.2.0
-- https://www.phpmyadmin.net/
--
-- Host: 127.0.0.1
-- Generation Time: Aug 29, 2023 at 09:21 AM
-- Server version: 10.4.24-MariaDB
-- PHP Version: 8.0.19

SET SQL_MODE = "NO_AUTO_VALUE_ON_ZERO";
START TRANSACTION;
SET time_zone = "+00:00";


/*!40101 SET @OLD_CHARACTER_SET_CLIENT=@@CHARACTER_SET_CLIENT */;
/*!40101 SET @OLD_CHARACTER_SET_RESULTS=@@CHARACTER_SET_RESULTS */;
/*!40101 SET @OLD_COLLATION_CONNECTION=@@COLLATION_CONNECTION */;
/*!40101 SET NAMES utf8mb4 */;

--
-- Database: `suyool_ogero`
--

-- --------------------------------------------------------

--
-- Table structure for table `landline`
--

CREATE TABLE `landline` (
  `id` int(100) NOT NULL,
  `suyoolUserId` int(100) NOT NULL,
  `gsmNumber` int(10) NOT NULL,
  `transactionId` int(50) NOT NULL,
  `transactionDescription` varchar(50) NOT NULL,
  `referenceNumber` varchar(50) NOT NULL,
  `ogeroBills` text NOT NULL,
  `ogeroPenalty` varchar(255) NOT NULL,
  `ogeroInitiationDate` varchar(50) NOT NULL,
  `ogeroClientName` varchar(255) NOT NULL,
  `ogeroAddress` varchar(255) NOT NULL,
  `currency` varchar(50) NOT NULL,
  `amount` varchar(50) NOT NULL,
  `amount1` varchar(50) NOT NULL,
  `amount2` varchar(50) NOT NULL,
  `totalAmount` varchar(50) NOT NULL,
  `ogeroTotalAmount` varchar(50) NOT NULL,
  `ogeroFees` varchar(50) NOT NULL,
  `additionalFees` varchar(50) NOT NULL,
  `fees` varchar(50) NOT NULL,
  `fees1` varchar(50) NOT NULL,
  `displayedFees` int(50) DEFAULT NULL,
  `rounding` varchar(50) NOT NULL,
  `created` datetime NOT NULL DEFAULT current_timestamp(),
  `updated` datetime NOT NULL DEFAULT current_timestamp() ON UPDATE current_timestamp()
) ENGINE=InnoDB DEFAULT CHARSET=utf8mb4;

--
-- Dumping data for table `landline`
--

INSERT INTO `landline` (`id`, `suyoolUserId`, `gsmNumber`, `transactionId`, `transactionDescription`, `referenceNumber`, `ogeroBills`, `ogeroPenalty`, `ogeroInitiationDate`, `ogeroClientName`, `ogeroAddress`, `currency`, `amount`, `amount1`, `amount2`, `totalAmount`, `ogeroTotalAmount`, `ogeroFees`, `additionalFees`, `fees`, `fees1`, `displayedFees`, `rounding`, `created`, `updated`) VALUES
(1, 155, 1123120, 1735835, '20230800000363', '20230800000363', '[{\"Year\":\"2019\",\"Amount\":\"50,000\",\"Month\":\"5\"}]', '', '15/08/1945', 'ملحم بركات', 'كفرشيما ش. نزار فرنسيس ب. ماجدة الرومي / ملكه', 'LBP', '52000', '50000', '0', '53000', '52000', '2000', '0', '1000', '0', NULL, '0', '2023-08-21 10:10:01', '2023-08-21 10:10:01'),
(2, 155, 1123120, 1735874, '20230800000399', '20230800000399', '[{\"Year\":\"2019\",\"Amount\":\"50,000\",\"Month\":\"5\"}]', '', '15/08/1945', 'ملحم بركات', 'كفرشيما ش. نزار فرنسيس ب. ماجدة الرومي / ملكه', 'LBP', '52000', '50000', '0', '53000', '52000', '2000', '0', '1000', '0', NULL, '0', '2023-08-22 21:02:30', '2023-08-22 21:02:30'),
(3, 155, 1123120, 1735879, '20230800000404', '20230800000404', '[{\"Year\":\"2019\",\"Amount\":\"50,000\",\"Month\":\"5\"}]', '', '15/08/1945', 'ملحم بركات', 'كفرشيما ش. نزار فرنسيس ب. ماجدة الرومي / ملكه', 'LBP', '52000', '50000', '0', '53000', '52000', '2000', '0', '1000', '0', NULL, '0', '2023-08-23 09:16:04', '2023-08-23 09:16:04'),
(4, 50, 1123120, 1735886, '20230800000411', '20230800000411', '[{\"Year\":\"2019\",\"Amount\":\"50,000\",\"Month\":\"5\"}]', '', '15/08/1945', 'ملحم بركات', 'كفرشيما ش. نزار فرنسيس ب. ماجدة الرومي / ملكه', 'LBP', '52000', '50000', '0', '53000', '52000', '2000', '0', '1000', '0', 3000, '0', '2023-08-23 12:55:42', '2023-08-23 12:55:42'),
(5, 50, 1123120, 1735891, '20230800000416', '20230800000416', '[{\"Year\":\"2019\",\"Amount\":\"50,000\",\"Month\":\"5\"}]', '', '15/08/1945', 'ملحم بركات', 'كفرشيما ش. نزار فرنسيس ب. ماجدة الرومي / ملكه', 'LBP', '52000', '50000', '0', '53000', '52000', '2000', '0', '1000', '0', 3000, '0', '2023-08-23 15:24:07', '2023-08-23 15:24:07'),
(6, 50, 1123120, 1735892, '20230800000417', '20230800000417', '[{\"Year\":\"2019\",\"Amount\":\"50,000\",\"Month\":\"5\"}]', '', '15/08/1945', 'ملحم بركات', 'كفرشيما ش. نزار فرنسيس ب. ماجدة الرومي / ملكه', 'LBP', '52000', '50000', '0', '53000', '52000', '2000', '0', '1000', '0', 3000, '0', '2023-08-23 15:29:24', '2023-08-23 15:29:24'),
(7, 50, 1123120, 1735893, '20230800000418', '20230800000418', '[{\"Year\":\"2019\",\"Amount\":\"50,000\",\"Month\":\"5\"}]', '', '15/08/1945', 'ملحم بركات', 'كفرشيما ش. نزار فرنسيس ب. ماجدة الرومي / ملكه', 'LBP', '52000', '50000', '0', '53000', '52000', '2000', '0', '1000', '0', 3000, '0', '2023-08-23 15:32:12', '2023-08-23 15:32:12'),
(8, 214, 1123120, 1735902, '20230800000427', '20230800000427', '[{\"Year\":\"2019\",\"Amount\":\"50,000\",\"Month\":\"5\"}]', '', '15/08/1945', 'ملحم بركات', 'كفرشيما ش. نزار فرنسيس ب. ماجدة الرومي / ملكه', 'LBP', '52000', '50000', '0', '53000', '52000', '2000', '0', '1000', '0', 3000, '0', '2023-08-24 10:38:11', '2023-08-24 10:38:11'),
(9, 215, 1123120, 1735933, '20230800000458', '20230800000458', '[{\"Year\":\"2019\",\"Amount\":\"50,000\",\"Month\":\"5\"}]', '', '15/08/1945', 'ملحم بركات', 'كفرشيما ش. نزار فرنسيس ب. ماجدة الرومي / ملكه', 'LBP', '52000', '50000', '0', '53000', '52000', '2000', '0', '1000', '0', 3000, '0', '2023-08-24 13:02:47', '2023-08-24 13:02:47'),
(10, 36, 1123120, 1735958, '20230800000482', '20230800000482', '[{\"Year\":\"2019\",\"Amount\":\"50,000\",\"Month\":\"5\"}]', '', '15/08/1945', 'ملحم بركات', 'كفرشيما ش. نزار فرنسيس ب. ماجدة الرومي / ملكه', 'LBP', '52000', '50000', '0', '53000', '52000', '2000', '0', '1000', '0', 3000, '0', '2023-08-25 10:51:46', '2023-08-25 10:51:46'),
(11, 89, 1123120, 1735967, '20230800000491', '20230800000491', '[{\"Year\":\"2019\",\"Amount\":\"50,000\",\"Month\":\"5\"}]', '', '15/08/1945', 'ملحم بركات', 'كفرشيما ش. نزار فرنسيس ب. ماجدة الرومي / ملكه', 'LBP', '52000', '50000', '0', '53000', '52000', '2000', '0', '1000', '0', 3000, '0', '2023-08-25 13:06:33', '2023-08-25 13:06:33'),
(12, 89, 1123120, 1735973, '20230800000494', '20230800000494', '[{\"Year\":\"2019\",\"Amount\":\"50,000\",\"Month\":\"5\"}]', '', '15/08/1945', 'ملحم بركات', 'كفرشيما ش. نزار فرنسيس ب. ماجدة الرومي / ملكه', 'LBP', '52000', '50000', '0', '53000', '52000', '2000', '0', '1000', '0', 3000, '0', '2023-08-25 13:53:33', '2023-08-25 13:53:33'),
(13, 89, 1123120, 1735974, '20230800000495', '20230800000495', '[{\"Year\":\"2019\",\"Amount\":\"50,000\",\"Month\":\"5\"}]', '', '15/08/1945', 'ملحم بركات', 'كفرشيما ش. نزار فرنسيس ب. ماجدة الرومي / ملكه', 'LBP', '52000', '50000', '0', '53000', '52000', '2000', '0', '1000', '0', 3000, '0', '2023-08-25 13:54:10', '2023-08-25 13:54:10'),
(14, 89, 1123120, 1735975, '20230800000496', '20230800000496', '[{\"Year\":\"2019\",\"Amount\":\"50,000\",\"Month\":\"5\"}]', '', '15/08/1945', 'ملحم بركات', 'كفرشيما ش. نزار فرنسيس ب. ماجدة الرومي / ملكه', 'LBP', '52000', '50000', '0', '53000', '52000', '2000', '0', '1000', '0', 3000, '0', '2023-08-25 13:56:27', '2023-08-25 13:56:27');

-- --------------------------------------------------------

--
-- Table structure for table `landlinerequest`
--

CREATE TABLE `landlinerequest` (
  `id` int(100) NOT NULL,
  `suyoolUserId` int(100) NOT NULL,
  `gsmNumber` varchar(10) NOT NULL,
  `transactionId` int(50) NOT NULL,
  `ogeroBills` text NOT NULL,
  `ogeroPenalty` varchar(255) NOT NULL,
  `ogeroInitiationDate` varchar(50) NOT NULL,
  `ogeroClientName` varchar(255) NOT NULL,
  `ogeroAddress` varchar(255) NOT NULL,
  `currency` varchar(50) NOT NULL,
  `amount` varchar(50) NOT NULL,
  `amount1` varchar(50) NOT NULL,
  `amount2` varchar(50) NOT NULL,
  `totalAmount` varchar(50) NOT NULL,
  `ogeroTotalAmount` varchar(50) NOT NULL,
  `ogeroFees` varchar(50) NOT NULL,
  `additionalFees` varchar(50) NOT NULL,
  `fees` varchar(50) NOT NULL,
  `fees1` varchar(50) NOT NULL,
  `displayedFees` int(50) DEFAULT NULL,
  `rounding` varchar(50) NOT NULL,
  `created` datetime NOT NULL DEFAULT current_timestamp(),
  `updated` datetime NOT NULL DEFAULT current_timestamp() ON UPDATE current_timestamp()
) ENGINE=InnoDB DEFAULT CHARSET=utf8mb4;

--
-- Dumping data for table `landlinerequest`
--

INSERT INTO `landlinerequest` (`id`, `suyoolUserId`, `gsmNumber`, `transactionId`, `ogeroBills`, `ogeroPenalty`, `ogeroInitiationDate`, `ogeroClientName`, `ogeroAddress`, `currency`, `amount`, `amount1`, `amount2`, `totalAmount`, `ogeroTotalAmount`, `ogeroFees`, `additionalFees`, `fees`, `fees1`, `displayedFees`, `rounding`, `created`, `updated`) VALUES
(1, 89, '01123120', 1735835, '[{\"Year\":\"2019\",\"Amount\":\"50,000\",\"Month\":\"5\"}]', '', '15/08/1945', 'ملحم بركات', 'كفرشيما ش. نزار فرنسيس ب. ماجدة الرومي / ملكه', 'LBP', '52000', '50000', '0', '53000', '52000', '2000', '0', '1000', '0', NULL, '0', '2023-08-21 10:09:37', '2023-08-21 10:09:37'),
(2, 89, '01123120', 1735842, '[{\"Year\":\"2019\",\"Amount\":\"50,000\",\"Month\":\"5\"}]', '', '15/08/1945', 'ملحم بركات', 'كفرشيما ش. نزار فرنسيس ب. ماجدة الرومي / ملكه', 'LBP', '52000', '50000', '0', '53000', '52000', '2000', '0', '1000', '0', NULL, '0', '2023-08-21 12:28:04', '2023-08-21 12:28:04'),
(3, 89, '01123120', 1735843, '[{\"Year\":\"2019\",\"Amount\":\"50,000\",\"Month\":\"5\"}]', '', '15/08/1945', 'ملحم بركات', 'كفرشيما ش. نزار فرنسيس ب. ماجدة الرومي / ملكه', 'LBP', '52000', '50000', '0', '53000', '52000', '2000', '0', '1000', '0', NULL, '0', '2023-08-21 13:36:30', '2023-08-21 13:36:30'),
(4, 89, '01123120', 1735844, '[{\"Year\":\"2019\",\"Amount\":\"50,000\",\"Month\":\"5\"}]', '', '15/08/1945', 'ملحم بركات', 'كفرشيما ش. نزار فرنسيس ب. ماجدة الرومي / ملكه', 'LBP', '52000', '50000', '0', '53000', '52000', '2000', '0', '1000', '0', NULL, '0', '2023-08-21 13:39:47', '2023-08-21 13:39:47'),
(5, 89, '01123120', 1735845, '[{\"Year\":\"2019\",\"Amount\":\"50,000\",\"Month\":\"5\"}]', '', '15/08/1945', 'ملحم بركات', 'كفرشيما ش. نزار فرنسيس ب. ماجدة الرومي / ملكه', 'LBP', '52000', '50000', '0', '53000', '52000', '2000', '0', '1000', '0', NULL, '0', '2023-08-21 13:43:00', '2023-08-21 13:43:00'),
(6, 89, '01123120', 1735846, '[{\"Year\":\"2019\",\"Amount\":\"50,000\",\"Month\":\"5\"}]', '', '15/08/1945', 'ملحم بركات', 'كفرشيما ش. نزار فرنسيس ب. ماجدة الرومي / ملكه', 'LBP', '52000', '50000', '0', '53000', '52000', '2000', '0', '1000', '0', NULL, '0', '2023-08-21 13:44:23', '2023-08-21 13:44:23'),
(7, 89, '01123120', 1735847, '[{\"Year\":\"2019\",\"Amount\":\"50,000\",\"Month\":\"5\"}]', '', '15/08/1945', 'ملحم بركات', 'كفرشيما ش. نزار فرنسيس ب. ماجدة الرومي / ملكه', 'LBP', '52000', '50000', '0', '53000', '52000', '2000', '0', '1000', '0', NULL, '0', '2023-08-21 13:45:52', '2023-08-21 13:45:52'),
(8, 89, '01123120', 1735874, '[{\"Year\":\"2019\",\"Amount\":\"50,000\",\"Month\":\"5\"}]', '', '15/08/1945', 'ملحم بركات', 'كفرشيما ش. نزار فرنسيس ب. ماجدة الرومي / ملكه', 'LBP', '52000', '50000', '0', '53000', '52000', '2000', '0', '1000', '0', NULL, '0', '2023-08-22 21:02:05', '2023-08-22 21:02:05'),
(9, 89, '01321610', 8534122, '[{\"Year\":\"2023\",\"Amount\":\"579,000\",\"Month\":\"7\"}]', '', '18/10/2018', 'احمد اسامه قزق', 'بيروت اشرفية الليسيه اشرفيةة1340 اا ط. 7', 'LBP', '581000', '579000', '0', '581000', '581000', '2000', '0', '0', '0', 2000, '0', '2023-08-23 09:06:46', '2023-08-23 09:06:46'),
(10, 89, '01123120', 1735876, '[{\"Year\":\"2019\",\"Amount\":\"50,000\",\"Month\":\"5\"}]', '', '15/08/1945', 'ملحم بركات', 'كفرشيما ش. نزار فرنسيس ب. ماجدة الرومي / ملكه', 'LBP', '52000', '50000', '0', '53000', '52000', '2000', '0', '1000', '0', 3000, '0', '2023-08-23 09:07:13', '2023-08-23 09:07:13'),
(11, 89, '01123120', 1735877, '[{\"Year\":\"2019\",\"Amount\":\"50,000\",\"Month\":\"5\"}]', '', '15/08/1945', 'ملحم بركات', 'كفرشيما ش. نزار فرنسيس ب. ماجدة الرومي / ملكه', 'LBP', '52000', '50000', '0', '53000', '52000', '2000', '0', '1000', '0', NULL, '0', '2023-08-23 09:13:55', '2023-08-23 09:13:55'),
(12, 89, '01123120', 1735879, '[{\"Year\":\"2019\",\"Amount\":\"50,000\",\"Month\":\"5\"}]', '', '15/08/1945', 'ملحم بركات', 'كفرشيما ش. نزار فرنسيس ب. ماجدة الرومي / ملكه', 'LBP', '52000', '50000', '0', '53000', '52000', '2000', '0', '1000', '0', NULL, '0', '2023-08-23 09:15:55', '2023-08-23 09:15:55'),
(13, 89, '01123120', 1735882, '[{\"Year\":\"2019\",\"Amount\":\"50,000\",\"Month\":\"5\"}]', '', '15/08/1945', 'ملحم بركات', 'كفرشيما ش. نزار فرنسيس ب. ماجدة الرومي / ملكه', 'LBP', '52000', '50000', '0', '53000', '52000', '2000', '0', '1000', '0', 3000, '0', '2023-08-23 12:26:54', '2023-08-23 12:26:54'),
(14, 89, '01123120', 1735883, '[{\"Year\":\"2019\",\"Amount\":\"50,000\",\"Month\":\"5\"}]', '', '15/08/1945', 'ملحم بركات', 'كفرشيما ش. نزار فرنسيس ب. ماجدة الرومي / ملكه', 'LBP', '52000', '50000', '0', '53000', '52000', '2000', '0', '1000', '0', 3000, '0', '2023-08-23 12:31:54', '2023-08-23 12:31:54'),
(15, 89, '01123120', 1735884, '[{\"Year\":\"2019\",\"Amount\":\"50,000\",\"Month\":\"5\"}]', '', '15/08/1945', 'ملحم بركات', 'كفرشيما ش. نزار فرنسيس ب. ماجدة الرومي / ملكه', 'LBP', '52000', '50000', '0', '53000', '52000', '2000', '0', '1000', '0', 3000, '0', '2023-08-23 12:33:46', '2023-08-23 12:33:46'),
(16, 89, '01123120', 1735885, '[{\"Year\":\"2019\",\"Amount\":\"50,000\",\"Month\":\"5\"}]', '', '15/08/1945', 'ملحم بركات', 'كفرشيما ش. نزار فرنسيس ب. ماجدة الرومي / ملكه', 'LBP', '52000', '50000', '0', '53000', '52000', '2000', '0', '1000', '0', 3000, '0', '2023-08-23 12:33:52', '2023-08-23 12:33:52'),
(17, 50, '01123120', 1735886, '[{\"Year\":\"2019\",\"Amount\":\"50,000\",\"Month\":\"5\"}]', '', '15/08/1945', 'ملحم بركات', 'كفرشيما ش. نزار فرنسيس ب. ماجدة الرومي / ملكه', 'LBP', '52000', '50000', '0', '53000', '52000', '2000', '0', '1000', '0', 3000, '0', '2023-08-23 12:55:33', '2023-08-23 12:55:33'),
(18, 50, '01123120', 1735891, '[{\"Year\":\"2019\",\"Amount\":\"50,000\",\"Month\":\"5\"}]', '', '15/08/1945', 'ملحم بركات', 'كفرشيما ش. نزار فرنسيس ب. ماجدة الرومي / ملكه', 'LBP', '52000', '50000', '0', '53000', '52000', '2000', '0', '1000', '0', 3000, '0', '2023-08-23 15:23:54', '2023-08-23 15:23:54'),
(19, 50, '01123120', 1735892, '[{\"Year\":\"2019\",\"Amount\":\"50,000\",\"Month\":\"5\"}]', '', '15/08/1945', 'ملحم بركات', 'كفرشيما ش. نزار فرنسيس ب. ماجدة الرومي / ملكه', 'LBP', '52000', '50000', '0', '53000', '52000', '2000', '0', '1000', '0', 3000, '0', '2023-08-23 15:29:17', '2023-08-23 15:29:17'),
(20, 50, '01123120', 1735893, '[{\"Year\":\"2019\",\"Amount\":\"50,000\",\"Month\":\"5\"}]', '', '15/08/1945', 'ملحم بركات', 'كفرشيما ش. نزار فرنسيس ب. ماجدة الرومي / ملكه', 'LBP', '52000', '50000', '0', '53000', '52000', '2000', '0', '1000', '0', 3000, '0', '2023-08-23 15:31:49', '2023-08-23 15:31:49'),
(21, 50, '01123120', 1735894, '[{\"Year\":\"2019\",\"Amount\":\"50,000\",\"Month\":\"5\"}]', '', '15/08/1945', 'ملحم بركات', 'كفرشيما ش. نزار فرنسيس ب. ماجدة الرومي / ملكه', 'LBP', '52000', '50000', '0', '53000', '52000', '2000', '0', '1000', '0', 3000, '0', '2023-08-23 15:32:50', '2023-08-23 15:32:50'),
(22, 50, '01123120', 1735895, '[{\"Year\":\"2019\",\"Amount\":\"50,000\",\"Month\":\"5\"}]', '', '15/08/1945', 'ملحم بركات', 'كفرشيما ش. نزار فرنسيس ب. ماجدة الرومي / ملكه', 'LBP', '52000', '50000', '0', '53000', '52000', '2000', '0', '1000', '0', 3000, '0', '2023-08-23 15:40:51', '2023-08-23 15:40:51'),
(23, 214, '01123120', 1735901, '[{\"Year\":\"2019\",\"Amount\":\"50,000\",\"Month\":\"5\"}]', '', '15/08/1945', 'ملحم بركات', 'كفرشيما ش. نزار فرنسيس ب. ماجدة الرومي / ملكه', 'LBP', '52000', '50000', '0', '53000', '52000', '2000', '0', '1000', '0', 3000, '0', '2023-08-24 10:03:41', '2023-08-24 10:03:41'),
(24, 214, '01123120', 1735902, '[{\"Year\":\"2019\",\"Amount\":\"50,000\",\"Month\":\"5\"}]', '', '15/08/1945', 'ملحم بركات', 'كفرشيما ش. نزار فرنسيس ب. ماجدة الرومي / ملكه', 'LBP', '52000', '50000', '0', '53000', '52000', '2000', '0', '1000', '0', 3000, '0', '2023-08-24 10:37:50', '2023-08-24 10:37:50'),
(25, 214, '01123120', 1735903, '[{\"Year\":\"2019\",\"Amount\":\"50,000\",\"Month\":\"5\"}]', '', '15/08/1945', 'ملحم بركات', 'كفرشيما ش. نزار فرنسيس ب. ماجدة الرومي / ملكه', 'LBP', '52000', '50000', '0', '53000', '52000', '2000', '0', '1000', '0', 3000, '0', '2023-08-24 11:00:25', '2023-08-24 11:00:25'),
(26, 214, '01123120', 1735904, '[{\"Year\":\"2019\",\"Amount\":\"50,000\",\"Month\":\"5\"}]', '', '15/08/1945', 'ملحم بركات', 'كفرشيما ش. نزار فرنسيس ب. ماجدة الرومي / ملكه', 'LBP', '52000', '50000', '0', '53000', '52000', '2000', '0', '1000', '0', 3000, '0', '2023-08-24 11:02:07', '2023-08-24 11:02:07'),
(27, 214, '01123120', 1735905, '[{\"Year\":\"2019\",\"Amount\":\"50,000\",\"Month\":\"5\"}]', '', '15/08/1945', 'ملحم بركات', 'كفرشيما ش. نزار فرنسيس ب. ماجدة الرومي / ملكه', 'LBP', '52000', '50000', '0', '53000', '52000', '2000', '0', '1000', '0', 3000, '0', '2023-08-24 11:05:05', '2023-08-24 11:05:05'),
(28, 214, '01123120', 1735906, '[{\"Year\":\"2019\",\"Amount\":\"50,000\",\"Month\":\"5\"}]', '', '15/08/1945', 'ملحم بركات', 'كفرشيما ش. نزار فرنسيس ب. ماجدة الرومي / ملكه', 'LBP', '52000', '50000', '0', '53000', '52000', '2000', '0', '1000', '0', 3000, '0', '2023-08-24 11:08:24', '2023-08-24 11:08:24'),
(29, 214, '01123120', 1735907, '[{\"Year\":\"2019\",\"Amount\":\"50,000\",\"Month\":\"5\"}]', '', '15/08/1945', 'ملحم بركات', 'كفرشيما ش. نزار فرنسيس ب. ماجدة الرومي / ملكه', 'LBP', '52000', '50000', '0', '53000', '52000', '2000', '0', '1000', '0', 3000, '0', '2023-08-24 11:09:31', '2023-08-24 11:09:31'),
(30, 214, '01123120', 1735908, '[{\"Year\":\"2019\",\"Amount\":\"50,000\",\"Month\":\"5\"}]', '', '15/08/1945', 'ملحم بركات', 'كفرشيما ش. نزار فرنسيس ب. ماجدة الرومي / ملكه', 'LBP', '52000', '50000', '0', '53000', '52000', '2000', '0', '1000', '0', 3000, '0', '2023-08-24 11:12:17', '2023-08-24 11:12:17'),
(31, 214, '01123120', 1735911, '[{\"Year\":\"2019\",\"Amount\":\"50,000\",\"Month\":\"5\"}]', '', '15/08/1945', 'ملحم بركات', 'كفرشيما ش. نزار فرنسيس ب. ماجدة الرومي / ملكه', 'LBP', '52000', '50000', '0', '53000', '52000', '2000', '0', '1000', '0', 3000, '0', '2023-08-24 11:51:06', '2023-08-24 11:51:06'),
(32, 214, '01123120', 1735912, '[{\"Year\":\"2019\",\"Amount\":\"50,000\",\"Month\":\"5\"}]', '', '15/08/1945', 'ملحم بركات', 'كفرشيما ش. نزار فرنسيس ب. ماجدة الرومي / ملكه', 'LBP', '52000', '50000', '0', '53000', '52000', '2000', '0', '1000', '0', 3000, '0', '2023-08-24 11:51:54', '2023-08-24 11:51:54'),
(33, 214, '01123120', 1735913, '[{\"Year\":\"2019\",\"Amount\":\"50,000\",\"Month\":\"5\"}]', '', '15/08/1945', 'ملحم بركات', 'كفرشيما ش. نزار فرنسيس ب. ماجدة الرومي / ملكه', 'LBP', '52000', '50000', '0', '53000', '52000', '2000', '0', '1000', '0', 3000, '0', '2023-08-24 11:52:01', '2023-08-24 11:52:01'),
(34, 214, '01123120', 1735927, '[{\"Year\":\"2019\",\"Amount\":\"50,000\",\"Month\":\"5\"}]', '', '15/08/1945', 'ملحم بركات', 'كفرشيما ش. نزار فرنسيس ب. ماجدة الرومي / ملكه', 'LBP', '52000', '50000', '0', '53000', '52000', '2000', '0', '1000', '0', 3000, '0', '2023-08-24 12:38:49', '2023-08-24 12:38:49'),
(35, 214, '01123120', 1735928, '[{\"Year\":\"2019\",\"Amount\":\"50,000\",\"Month\":\"5\"}]', '', '15/08/1945', 'ملحم بركات', 'كفرشيما ش. نزار فرنسيس ب. ماجدة الرومي / ملكه', 'LBP', '52000', '50000', '0', '53000', '52000', '2000', '0', '1000', '0', 3000, '0', '2023-08-24 12:39:10', '2023-08-24 12:39:10'),
(36, 214, '01123120', 1735929, '[{\"Year\":\"2019\",\"Amount\":\"50,000\",\"Month\":\"5\"}]', '', '15/08/1945', 'ملحم بركات', 'كفرشيما ش. نزار فرنسيس ب. ماجدة الرومي / ملكه', 'LBP', '52000', '50000', '0', '53000', '52000', '2000', '0', '1000', '0', 3000, '0', '2023-08-24 12:39:36', '2023-08-24 12:39:36'),
(37, 214, '01123120', 1735931, '[{\"Year\":\"2019\",\"Amount\":\"50,000\",\"Month\":\"5\"}]', '', '15/08/1945', 'ملحم بركات', 'كفرشيما ش. نزار فرنسيس ب. ماجدة الرومي / ملكه', 'LBP', '52000', '50000', '0', '53000', '52000', '2000', '0', '1000', '0', 3000, '0', '2023-08-24 12:42:03', '2023-08-24 12:42:03'),
(38, 215, '01123120', 1735933, '[{\"Year\":\"2019\",\"Amount\":\"50,000\",\"Month\":\"5\"}]', '', '15/08/1945', 'ملحم بركات', 'كفرشيما ش. نزار فرنسيس ب. ماجدة الرومي / ملكه', 'LBP', '52000', '50000', '0', '53000', '52000', '2000', '0', '1000', '0', 3000, '0', '2023-08-24 13:02:36', '2023-08-24 13:02:36'),
(39, 215, '01123120', 1735936, '[{\"Year\":\"2019\",\"Amount\":\"50,000\",\"Month\":\"5\"}]', '', '15/08/1945', 'ملحم بركات', 'كفرشيما ش. نزار فرنسيس ب. ماجدة الرومي / ملكه', 'LBP', '52000', '50000', '0', '53000', '52000', '2000', '0', '1000', '0', 3000, '0', '2023-08-24 13:06:43', '2023-08-24 13:06:43'),
(40, 155, '01123120', 1735941, '[{\"Year\":\"2019\",\"Amount\":\"50,000\",\"Month\":\"5\"}]', '', '15/08/1945', 'ملحم بركات', 'كفرشيما ش. نزار فرنسيس ب. ماجدة الرومي / ملكه', 'LBP', '52000', '50000', '0', '53000', '52000', '2000', '0', '1000', '0', 3000, '0', '2023-08-24 13:37:52', '2023-08-24 13:37:52'),
(41, 36, '01123120', 1735958, '[{\"Year\":\"2019\",\"Amount\":\"50,000\",\"Month\":\"5\"}]', '', '15/08/1945', 'ملحم بركات', 'كفرشيما ش. نزار فرنسيس ب. ماجدة الرومي / ملكه', 'LBP', '52000', '50000', '0', '53000', '52000', '2000', '0', '1000', '0', 3000, '0', '2023-08-25 10:51:25', '2023-08-25 10:51:25'),
(42, 36, '01123120', 1735961, '[{\"Year\":\"2019\",\"Amount\":\"50,000\",\"Month\":\"5\"}]', '', '15/08/1945', 'ملحم بركات', 'كفرشيما ش. نزار فرنسيس ب. ماجدة الرومي / ملكه', 'LBP', '52000', '50000', '0', '53000', '52000', '2000', '0', '1000', '0', 3000, '0', '2023-08-25 12:45:12', '2023-08-25 12:45:12'),
(43, 89, '01123120', 1735962, '[{\"Year\":\"2019\",\"Amount\":\"50,000\",\"Month\":\"5\"}]', '', '15/08/1945', 'ملحم بركات', 'كفرشيما ش. نزار فرنسيس ب. ماجدة الرومي / ملكه', 'LBP', '52000', '50000', '0', '53000', '52000', '2000', '0', '1000', '0', 3000, '0', '2023-08-25 12:48:45', '2023-08-25 12:48:45'),
(44, 89, '01123120', 1735963, '[{\"Year\":\"2019\",\"Amount\":\"50,000\",\"Month\":\"5\"}]', '', '15/08/1945', 'ملحم بركات', 'كفرشيما ش. نزار فرنسيس ب. ماجدة الرومي / ملكه', 'LBP', '52000', '50000', '0', '53000', '52000', '2000', '0', '1000', '0', 3000, '0', '2023-08-25 12:54:09', '2023-08-25 12:54:09'),
(45, 89, '01123120', 1735964, '[{\"Year\":\"2019\",\"Amount\":\"50,000\",\"Month\":\"5\"}]', '', '15/08/1945', 'ملحم بركات', 'كفرشيما ش. نزار فرنسيس ب. ماجدة الرومي / ملكه', 'LBP', '52000', '50000', '0', '53000', '52000', '2000', '0', '1000', '0', 3000, '0', '2023-08-25 12:59:31', '2023-08-25 12:59:31'),
(46, 89, '01123120', 1735965, '[{\"Year\":\"2019\",\"Amount\":\"50,000\",\"Month\":\"5\"}]', '', '15/08/1945', 'ملحم بركات', 'كفرشيما ش. نزار فرنسيس ب. ماجدة الرومي / ملكه', 'LBP', '52000', '50000', '0', '53000', '52000', '2000', '0', '1000', '0', 3000, '0', '2023-08-25 13:03:15', '2023-08-25 13:03:15'),
(47, 89, '01123120', 1735966, '[{\"Year\":\"2019\",\"Amount\":\"50,000\",\"Month\":\"5\"}]', '', '15/08/1945', 'ملحم بركات', 'كفرشيما ش. نزار فرنسيس ب. ماجدة الرومي / ملكه', 'LBP', '52000', '50000', '0', '53000', '52000', '2000', '0', '1000', '0', 3000, '0', '2023-08-25 13:03:49', '2023-08-25 13:03:49'),
(48, 89, '01123120', 1735967, '[{\"Year\":\"2019\",\"Amount\":\"50,000\",\"Month\":\"5\"}]', '', '15/08/1945', 'ملحم بركات', 'كفرشيما ش. نزار فرنسيس ب. ماجدة الرومي / ملكه', 'LBP', '52000', '50000', '0', '53000', '52000', '2000', '0', '1000', '0', 3000, '0', '2023-08-25 13:06:17', '2023-08-25 13:06:17'),
(49, 89, '01123120', 1735973, '[{\"Year\":\"2019\",\"Amount\":\"50,000\",\"Month\":\"5\"}]', '', '15/08/1945', 'ملحم بركات', 'كفرشيما ش. نزار فرنسيس ب. ماجدة الرومي / ملكه', 'LBP', '52000', '50000', '0', '53000', '52000', '2000', '0', '1000', '0', 3000, '0', '2023-08-25 13:53:20', '2023-08-25 13:53:20'),
(50, 89, '01123120', 1735974, '[{\"Year\":\"2019\",\"Amount\":\"50,000\",\"Month\":\"5\"}]', '', '15/08/1945', 'ملحم بركات', 'كفرشيما ش. نزار فرنسيس ب. ماجدة الرومي / ملكه', 'LBP', '52000', '50000', '0', '53000', '52000', '2000', '0', '1000', '0', 3000, '0', '2023-08-25 13:54:00', '2023-08-25 13:54:00'),
(51, 89, '01123120', 1735975, '[{\"Year\":\"2019\",\"Amount\":\"50,000\",\"Month\":\"5\"}]', '', '15/08/1945', 'ملحم بركات', 'كفرشيما ش. نزار فرنسيس ب. ماجدة الرومي / ملكه', 'LBP', '52000', '50000', '0', '53000', '52000', '2000', '0', '1000', '0', 3000, '0', '2023-08-25 13:56:14', '2023-08-25 13:56:14'),
(52, 89, '01123120', 1735977, '[{\"Year\":\"2019\",\"Amount\":\"50,000\",\"Month\":\"5\"}]', '', '15/08/1945', 'ملحم بركات', 'كفرشيما ش. نزار فرنسيس ب. ماجدة الرومي / ملكه', 'LBP', '52000', '50000', '0', '53000', '52000', '2000', '0', '1000', '0', 3000, '0', '2023-08-25 14:00:15', '2023-08-25 14:00:15');

-- --------------------------------------------------------

--
-- Table structure for table `logs`
--

CREATE TABLE `logs` (
  `id` int(11) NOT NULL,
  `identifier` varchar(255) DEFAULT NULL,
  `url` varchar(255) DEFAULT NULL,
  `request` text DEFAULT NULL,
  `response` text DEFAULT NULL,
  `error` varchar(255) DEFAULT NULL,
  `created` datetime DEFAULT current_timestamp()
) ENGINE=InnoDB DEFAULT CHARSET=utf8mb4;

--
-- Dumping data for table `logs`
--

INSERT INTO `logs` (`id`, `identifier`, `url`, `request`, `response`, `error`, `created`) VALUES
(1, 'ogero error', NULL, NULL, NULL, 'The combination Channel Type, Username and Password is incorrect. Please try again.', '2023-08-25 12:59:40'),
(2, 'ogero error', NULL, NULL, NULL, 'The combination Channel Type, Username and Password is incorrect. Please try again.', '2023-08-25 13:03:26'),
(3, 'ogero error', NULL, NULL, NULL, 'The combination Channel Type, Username and Password is incorrect. Please try again.', '2023-08-25 13:03:56');

-- --------------------------------------------------------

--
-- Table structure for table `orders`
--

CREATE TABLE `orders` (
  `id` int(11) NOT NULL,
  `suyoolUserId` int(11) NOT NULL,
  `transId` int(11) DEFAULT NULL,
  `landline_id` int(11) DEFAULT NULL,
  `status` varchar(30) NOT NULL,
  `amount` int(50) DEFAULT NULL,
  `currency` varchar(11) DEFAULT NULL,
  `errorInfo` text DEFAULT NULL,
  `create_date` datetime NOT NULL DEFAULT current_timestamp(),
  `update_date` datetime NOT NULL DEFAULT current_timestamp() ON UPDATE current_timestamp()
) ENGINE=InnoDB DEFAULT CHARSET=utf8mb4;

--
-- Dumping data for table `orders`
--

INSERT INTO `orders` (`id`, `suyoolUserId`, `transId`, `landline_id`, `status`, `amount`, `currency`, `errorInfo`, `create_date`, `update_date`) VALUES
(1, 155, 9150, 1, 'completed', 53000, 'LBP', NULL, '2023-08-21 10:09:46', '2023-08-21 10:10:01'),
(3, 155, NULL, NULL, 'canceled', 53000, 'LBP', 'HTTP/1.1 404 Not Found returned for \"http://10.20.80.62/SuyoolGlobalAPIs/api/Utilities/PushUtilityPayments\".', '2023-08-21 13:36:32', '2023-08-21 13:36:34'),
(4, 155, NULL, NULL, 'canceled', 53000, 'LBP', 'HTTP/1.1 404 Not Found returned for \"http://10.20.80.62/SuyoolGlobalAPIs/api/Utilities/PushUtilityPayments\".', '2023-08-21 13:39:50', '2023-08-21 13:39:50'),
(5, 155, NULL, NULL, 'canceled', 53000, 'LBP', 'HTTP/1.1 404 Not Found returned for \"http://10.20.80.62/SuyoolGlobalAPIs/api/Utilities/PushUtilityPayments\".', '2023-08-21 13:43:02', '2023-08-21 13:43:02'),
(6, 155, NULL, NULL, 'canceled', 53000, 'LBP', 'HTTP/1.1 404 Not Found returned for \"http://10.20.80.62/SuyoolGlobalAPIs/api/Utilities/PushUtilityPayments\".', '2023-08-21 13:44:25', '2023-08-21 13:44:25'),
(7, 155, NULL, NULL, 'canceled', 53000, 'LBP', 'HTTP/1.1 404 Not Found returned for \"http://10.20.80.62/SuyoolGlobalAPIs/api/Utilities/PushUtilityPayments\".', '2023-08-21 13:45:53', '2023-08-21 13:45:53'),
(8, 155, 10385, 2, 'completed', 53000, 'LBP', NULL, '2023-08-22 21:02:12', '2023-08-22 21:02:30'),
(9, 89, NULL, NULL, 'canceled', 53000, 'LBP', NULL, '2023-08-23 09:07:19', '2023-08-23 09:07:22'),
(10, 155, 10388, 3, 'completed', 53000, 'LBP', NULL, '2023-08-23 09:15:58', '2023-08-23 09:16:04'),
(11, 50, 10447, 4, 'purchased', 53000, 'LBP', NULL, '2023-08-23 12:55:36', '2023-08-23 12:55:42'),
(12, 50, 10484, 5, 'purchased', 53000, 'LBP', NULL, '2023-08-23 15:23:56', '2023-08-23 15:24:07'),
(13, 50, 10486, 6, 'completed', 53000, 'LBP', NULL, '2023-08-23 15:29:19', '2023-08-23 15:29:24'),
(14, 50, 10487, 7, 'completed', 53000, 'LBP', NULL, '2023-08-23 15:32:07', '2023-08-23 15:32:12'),
(15, 214, NULL, NULL, 'canceled', 53000, 'LBP', '{\"Title\":\"Insufficient Funds\",\"SubTitle\":\"Exchange from $ to L.L to proceed with this transaction.\",\"ButtonOne\":{\"Text\":\"Exchange\",\"Flag\":84,\"AdditionalInfo\":null,\"isShow\":true},\"ButtonTwo\":{\"Text\":\"Cancel\",\"Flag\":0,\"AdditionalInfo\":null,\"isShow\":true}}', '2023-08-24 10:03:52', '2023-08-24 10:03:55'),
(16, 214, 10741, 8, 'completed', 53000, 'LBP', NULL, '2023-08-24 10:38:00', '2023-08-24 10:38:11'),
(17, 214, NULL, NULL, 'canceled', 53000, 'LBP', '{\"Title\":\"Insufficient Funds\",\"SubTitle\":\"Exchange from $ to L.L to proceed with this transaction.\",\"ButtonOne\":{\"Text\":\"Exchange\",\"Flag\":84,\"AdditionalInfo\":null,\"isShow\":true},\"ButtonTwo\":{\"Text\":\"Cancel\",\"Flag\":0,\"AdditionalInfo\":null,\"isShow\":true}}', '2023-08-24 11:00:32', '2023-08-24 11:00:33'),
(18, 214, NULL, NULL, 'canceled', 53000, 'LBP', '{\"Title\":\"Insufficient Funds\",\"SubTitle\":\"Exchange from $ to L.L to proceed with this transaction.\",\"ButtonOne\":{\"Text\":\"Exchange\",\"Flag\":84,\"AdditionalInfo\":null,\"isShow\":true},\"ButtonTwo\":{\"Text\":\"Cancel\",\"Flag\":0,\"AdditionalInfo\":null,\"isShow\":true}}', '2023-08-24 11:02:16', '2023-08-24 11:02:16'),
(19, 214, NULL, NULL, 'canceled', 53000, 'LBP', '{\"Title\":\"Insufficient Funds\",\"SubTitle\":\"Exchange from $ to L.L to proceed with this transaction.\",\"ButtonOne\":{\"Text\":\"Exchange\",\"Flag\":84,\"AdditionalInfo\":null,\"isShow\":true},\"ButtonTwo\":{\"Text\":\"Cancel\",\"Flag\":0,\"AdditionalInfo\":null,\"isShow\":true}}', '2023-08-24 11:05:11', '2023-08-24 11:05:12'),
(20, 214, NULL, NULL, 'canceled', 53000, 'LBP', '{\"Title\":\"Insufficient Funds\",\"SubTitle\":\"Exchange from $ to L.L to proceed with this transaction.\",\"ButtonOne\":{\"Text\":\"Exchange\",\"Flag\":84,\"AdditionalInfo\":null,\"isShow\":true},\"ButtonTwo\":{\"Text\":\"Cancel\",\"Flag\":0,\"AdditionalInfo\":null,\"isShow\":true}}', '2023-08-24 11:08:34', '2023-08-24 11:08:35'),
(21, 214, NULL, NULL, 'canceled', 53000, 'LBP', '{\"Title\":\"Insufficient Funds\",\"SubTitle\":\"Exchange from $ to L.L to proceed with this transaction.\",\"ButtonOne\":{\"Text\":\"Exchange\",\"Flag\":84,\"AdditionalInfo\":null,\"isShow\":true},\"ButtonTwo\":{\"Text\":\"Cancel\",\"Flag\":0,\"AdditionalInfo\":null,\"isShow\":true}}', '2023-08-24 11:09:50', '2023-08-24 11:09:50'),
(22, 214, NULL, NULL, 'canceled', 53000, 'LBP', '{\"Title\":\"Insufficient Funds\",\"SubTitle\":\"Exchange from $ to L.L to proceed with this transaction.\",\"ButtonOne\":{\"Text\":\"Exchange\",\"Flag\":84,\"AdditionalInfo\":null,\"isShow\":true},\"ButtonTwo\":{\"Text\":\"Cancel\",\"Flag\":0,\"AdditionalInfo\":null,\"isShow\":true}}', '2023-08-24 11:12:25', '2023-08-24 11:12:25'),
(23, 214, NULL, NULL, 'canceled', 53000, 'LBP', '{\"Title\":\"Insufficient Funds\",\"SubTitle\":\"Exchange from $ to L.L to proceed with this transaction.\",\"ButtonOne\":{\"Text\":\"Exchange\",\"Flag\":84,\"AdditionalInfo\":null,\"isShow\":true},\"ButtonTwo\":{\"Text\":\"Cancel\",\"Flag\":0,\"AdditionalInfo\":null,\"isShow\":true}}', '2023-08-24 11:51:24', '2023-08-24 11:51:24'),
(24, 214, NULL, NULL, 'canceled', 53000, 'LBP', '{\"Title\":\"Insufficient Funds\",\"SubTitle\":\"Exchange from $ to L.L to proceed with this transaction.\",\"ButtonOne\":{\"Text\":\"Exchange\",\"Flag\":84,\"AdditionalInfo\":null,\"isShow\":true},\"ButtonTwo\":{\"Text\":\"Cancel\",\"Flag\":0,\"AdditionalInfo\":null,\"isShow\":true}}', '2023-08-24 11:52:08', '2023-08-24 11:52:08'),
(25, 214, NULL, NULL, 'canceled', 53000, 'LBP', '{\"Title\":\"Insufficient Funds\",\"SubTitle\":\"Exchange from $ to L.L to proceed with this transaction.\",\"ButtonOne\":{\"Text\":\"Exchange\",\"Flag\":84,\"AdditionalInfo\":null,\"isShow\":true},\"ButtonTwo\":{\"Text\":\"Cancel\",\"Flag\":0,\"AdditionalInfo\":null,\"isShow\":true}}', '2023-08-24 12:38:57', '2023-08-24 12:38:57'),
(26, 214, NULL, NULL, 'canceled', 53000, 'LBP', '{\"Title\":\"Insufficient Funds\",\"SubTitle\":\"Exchange from $ to L.L to proceed with this transaction.\",\"ButtonOne\":{\"Text\":\"Exchange\",\"Flag\":84,\"AdditionalInfo\":null,\"isShow\":true},\"ButtonTwo\":{\"Text\":\"Cancel\",\"Flag\":0,\"AdditionalInfo\":null,\"isShow\":true}}', '2023-08-24 12:39:17', '2023-08-24 12:39:17'),
(27, 214, NULL, NULL, 'canceled', 53000, 'LBP', '{\"Title\":\"Insufficient Funds\",\"SubTitle\":\"Exchange from $ to L.L to proceed with this transaction.\",\"ButtonOne\":{\"Text\":\"Exchange\",\"Flag\":84,\"AdditionalInfo\":null,\"isShow\":true},\"ButtonTwo\":{\"Text\":\"Cancel\",\"Flag\":0,\"AdditionalInfo\":null,\"isShow\":true}}', '2023-08-24 12:39:44', '2023-08-24 12:39:45'),
(28, 214, NULL, NULL, 'canceled', 53000, 'LBP', '{\"Title\":\"Insufficient Funds\",\"SubTitle\":\"Exchange from $ to L.L to proceed with this transaction.\",\"ButtonOne\":{\"Text\":\"Exchange\",\"Flag\":84,\"AdditionalInfo\":null,\"isShow\":true},\"ButtonTwo\":{\"Text\":\"Cancel\",\"Flag\":0,\"AdditionalInfo\":null,\"isShow\":true}}', '2023-08-24 12:42:13', '2023-08-24 12:42:14'),
(29, 215, 10924, 9, 'completed', 53000, 'LBP', NULL, '2023-08-24 13:02:43', '2023-08-24 13:02:47'),
(30, 36, 11448, 10, 'completed', 53000, 'LBP', NULL, '2023-08-25 10:51:35', '2023-08-25 10:51:46'),
(31, 36, 13945, NULL, 'held', 53000, 'LBP', NULL, '2023-08-25 12:45:51', '2023-08-25 12:45:57'),
(32, 89, NULL, NULL, 'canceled', 53000, 'LBP', 'Transaction already APPROVED', '2023-08-25 12:48:52', '2023-08-25 12:48:53'),
(33, 89, 13946, NULL, 'held', 53000, 'LBP', NULL, '2023-08-25 12:54:18', '2023-08-25 12:54:18'),
(34, 89, 13947, NULL, 'held', 53000, 'LBP', NULL, '2023-08-25 12:59:39', '2023-08-25 12:59:39'),
(35, 89, 13950, NULL, 'held', 53000, 'LBP', NULL, '2023-08-25 13:03:26', '2023-08-25 13:03:26'),
(36, 89, 13951, NULL, 'completed', 53000, 'LBP', 'reversed', '2023-08-25 13:03:55', '2023-08-25 13:03:56'),
(37, 89, 13952, 11, 'completed', 53000, 'LBP', NULL, '2023-08-25 13:06:28', '2023-08-25 13:06:33'),
(38, 89, 13966, 12, 'completed', 53000, 'LBP', NULL, '2023-08-25 13:53:28', '2023-08-25 13:53:33'),
(39, 89, 13969, 13, 'completed', 53000, 'LBP', NULL, '2023-08-25 13:54:06', '2023-08-25 13:54:11'),
(40, 89, 13971, 14, 'completed', 53000, 'LBP', NULL, '2023-08-25 13:56:22', '2023-08-25 13:56:27');

--
-- Indexes for dumped tables
--

--
-- Indexes for table `landline`
--
ALTER TABLE `landline`
  ADD PRIMARY KEY (`id`);

--
-- Indexes for table `landlinerequest`
--
ALTER TABLE `landlinerequest`
  ADD PRIMARY KEY (`id`);

--
-- Indexes for table `logs`
--
ALTER TABLE `logs`
  ADD PRIMARY KEY (`id`);

--
-- Indexes for table `orders`
--
ALTER TABLE `orders`
  ADD PRIMARY KEY (`id`),
  ADD UNIQUE KEY `postpaid_id` (`landline_id`);

--
-- AUTO_INCREMENT for dumped tables
--

--
-- AUTO_INCREMENT for table `landline`
--
ALTER TABLE `landline`
  MODIFY `id` int(100) NOT NULL AUTO_INCREMENT, AUTO_INCREMENT=15;

--
-- AUTO_INCREMENT for table `landlinerequest`
--
ALTER TABLE `landlinerequest`
  MODIFY `id` int(100) NOT NULL AUTO_INCREMENT, AUTO_INCREMENT=53;

--
-- AUTO_INCREMENT for table `logs`
--
ALTER TABLE `logs`
  MODIFY `id` int(11) NOT NULL AUTO_INCREMENT, AUTO_INCREMENT=4;

--
-- AUTO_INCREMENT for table `orders`
--
ALTER TABLE `orders`
  MODIFY `id` int(11) NOT NULL AUTO_INCREMENT, AUTO_INCREMENT=41;
COMMIT;

/*!40101 SET CHARACTER_SET_CLIENT=@OLD_CHARACTER_SET_CLIENT */;
/*!40101 SET CHARACTER_SET_RESULTS=@OLD_CHARACTER_SET_RESULTS */;
/*!40101 SET COLLATION_CONNECTION=@OLD_COLLATION_CONNECTION */;
