-- phpMyAdmin SQL Dump
-- version 5.2.0
-- https://www.phpmyadmin.net/
--
-- Host: 127.0.0.1
-- Generation Time: Aug 21, 2023 at 08:55 AM
-- Server version: 10.4.27-MariaDB
-- PHP Version: 7.4.26

SET SQL_MODE = "NO_AUTO_VALUE_ON_ZERO";
START TRANSACTION;
SET time_zone = "+00:00";


/*!40101 SET @OLD_CHARACTER_SET_CLIENT=@@CHARACTER_SET_CLIENT */;
/*!40101 SET @OLD_CHARACTER_SET_RESULTS=@@CHARACTER_SET_RESULTS */;
/*!40101 SET @OLD_COLLATION_CONNECTION=@@COLLATION_CONNECTION */;
/*!40101 SET NAMES utf8mb4 */;

--
-- Database: `suyool_alfa`
--

-- --------------------------------------------------------

--
-- Table structure for table `logs`
--

CREATE TABLE `logs` (
  `id` int(11) NOT NULL,
  `identifier` varchar(255) NOT NULL,
  `url` varchar(255) NOT NULL,
  `request` text NOT NULL,
  `response` text NOT NULL,
  `error` varchar(255) NOT NULL,
  `created` datetime NOT NULL DEFAULT current_timestamp()
) ENGINE=InnoDB DEFAULT CHARSET=utf8mb4 COLLATE=utf8mb4_general_ci;

--
-- Dumping data for table `logs`
--

INSERT INTO `logs` (`id`, `identifier`, `url`, `request`, `response`, `error`, `created`) VALUES
(1, 'Prepaid Request', 'https://backbone.lebaneseloto.com/Service.asmx/PurchaseVoucher', '{\"Token\":\"334de788-6912-4484-835c-7efd48596640\",\"category\":\"ALFA\",\"type\":\"1\"}', '{\"__type\":\"ServiceClasses.BaseReply\",\"errorinfo\":{\"errorcode\":19,\"errormsg\":\"There are no vouchers of this type currently availalble.\"},\"insertId\":null}', 'There are no vouchers of this type currently availalble.', '2023-08-01 13:35:22'),
(2, 'Prepaid Request', 'https://backbone.lebaneseloto.com/Service.asmx/PurchaseVoucher', '{\"Token\":\"a1066b81-af54-4aa3-bd33-0ea4c87777ab\",\"category\":\"ALFA\",\"type\":\"1\"}', '{\"__type\":\"ServiceClasses.BaseReply\",\"errorinfo\":{\"errorcode\":2,\"errormsg\":\"Token has expired. Please Login Again\"},\"insertId\":null}', 'Token has expired. Please Login Again', '2023-08-01 13:36:27'),
(3, 'Prepaid Request', 'https://backbone.lebaneseloto.com/Service.asmx/PurchaseVoucher', '{\"Token\":\"a1066b81-af54-4aa3-bd33-0ea4c87777ab\",\"category\":\"ALFA\",\"type\":\"13\"}', '{\"__type\":\"ServiceClasses.BaseReply\",\"errorinfo\":{\"errorcode\":2,\"errormsg\":\"Token has expired. Please Login Again\"},\"insertId\":null}', 'Token has expired. Please Login Again', '2023-08-01 13:37:01'),
(4, 'Prepaid Request', 'https://backbone.lebaneseloto.com/Service.asmx/PurchaseVoucher', '{\"Token\":\"c48db49a-4cae-4dc9-89e3-c6a251722bdf\",\"category\":\"ALFA\",\"type\":\"1\"}', '{\"__type\":\"ServiceClasses.BaseReply\",\"errorinfo\":{\"errorcode\":19,\"errormsg\":\"There are no vouchers of this type currently availalble.\"},\"insertId\":null}', 'There are no vouchers of this type currently availalble.', '2023-08-01 13:41:31'),
(5, 'Prepaid Request', 'https://backbone.lebaneseloto.com/Service.asmx/PurchaseVoucher', '{\"Token\":\"5f45663e-f9a5-4b1b-a862-d7d278c8ae0f\",\"category\":\"ALFA\",\"type\":\"1\"}', '{\"__type\":\"ServiceClasses.BaseReply\",\"errorinfo\":{\"errorcode\":19,\"errormsg\":\"There are no vouchers of this type currently availalble.\"},\"insertId\":null}', 'There are no vouchers of this type currently availalble.', '2023-08-01 14:36:00'),
(6, 'Prepaid Request', 'https://backbone.lebaneseloto.com/Service.asmx/PurchaseVoucher', '{\"Token\":\"9599ef59-faca-492d-a836-4034dd1c5a6e\",\"category\":\"ALFA\",\"type\":\"1\"}', '{\"__type\":\"ServiceClasses.BaseReply\",\"errorinfo\":{\"errorcode\":19,\"errormsg\":\"There are no vouchers of this type currently availalble.\"},\"insertId\":null}', 'There are no vouchers of this type currently availalble.', '2023-08-08 11:27:01'),
(7, 'Prepaid Request', 'https://backbone.lebaneseloto.com/Service.asmx/PurchaseVoucher', '{\"Token\":\"1abae306-e767-4ce3-add6-a17b58c8648f\",\"category\":\"ALFA\",\"type\":\"1\"}', '{\"__type\":\"ServiceClasses.BaseReply\",\"errorinfo\":{\"errorcode\":19,\"errormsg\":\"There are no vouchers of this type currently availalble.\"},\"insertId\":null}', 'There are no vouchers of this type currently availalble.', '2023-08-09 10:48:24'),
(8, 'Prepaid Request', 'https://backbone.lebaneseloto.com/Service.asmx/PurchaseVoucher', '{\"Token\":\"97562c0f-b844-4470-9e56-18f20dc03386\",\"category\":\"ALFA\",\"type\":\"1\"}', '{\"__type\":\"ServiceClasses.BaseReply\",\"errorinfo\":{\"errorcode\":19,\"errormsg\":\"There are no vouchers of this type currently availalble.\"},\"insertId\":null}', 'There are no vouchers of this type currently availalble.', '2023-08-09 11:21:45'),
(9, 'Prepaid Request', 'https://backbone.lebaneseloto.com/Service.asmx/PurchaseVoucher', '{\"Token\":\"7229a82d-bf1d-40d9-9155-5b0f5111e15b\",\"category\":\"ALFA\",\"type\":\"1\"}', '{\"__type\":\"ServiceClasses.BaseReply\",\"errorinfo\":{\"errorcode\":19,\"errormsg\":\"There are no vouchers of this type currently availalble.\"},\"insertId\":null}', 'There are no vouchers of this type currently availalble.', '2023-08-11 13:32:59'),
(10, 'Prepaid Request', 'https://backbone.lebaneseloto.com/Service.asmx/PurchaseVoucher', '{\"Token\":\"f39e701c-7a55-4886-8a92-da16fb7e1042\",\"category\":\"ALFA\",\"type\":\"32\"}', '{\"__type\":\"ServiceClasses.BaseReply\",\"errorinfo\":{\"errorcode\":19,\"errormsg\":\"There are no vouchers of this type currently availalble.\"},\"insertId\":null}', 'There are no vouchers of this type currently availalble.', '2023-08-11 13:36:13'),
(11, 'Prepaid Request', 'https://backbone.lebaneseloto.com/Service.asmx/PurchaseVoucher', '{\"Token\":\"b004807f-3c3a-45f6-a688-02486bb339b9\",\"category\":\"ALFA\",\"type\":\"33\"}', '{\"__type\":\"ServiceClasses.BaseReply\",\"errorinfo\":{\"errorcode\":19,\"errormsg\":\"There are no vouchers of this type currently availalble.\"},\"insertId\":null}', 'There are no vouchers of this type currently availalble.', '2023-08-11 13:39:22'),
(12, 'Prepaid Request', 'https://backbone.lebaneseloto.com/Service.asmx/PurchaseVoucher', '{\"Token\":\"ac88c54c-42ee-43b4-b284-86ac79c6a1b7\",\"category\":\"ALFA\",\"type\":\"1\"}', '{\"__type\":\"ServiceClasses.BaseReply\",\"errorinfo\":{\"errorcode\":19,\"errormsg\":\"There are no vouchers of this type currently availalble.\"},\"insertId\":null}', 'There are no vouchers of this type currently availalble.', '2023-08-11 13:55:22');

-- --------------------------------------------------------

--
-- Table structure for table `orders`
--

CREATE TABLE `orders` (
  `id` int(11) NOT NULL,
  `suyoolUserId` int(11) NOT NULL,
  `transId` int(11) DEFAULT NULL,
  `postpaid_id` int(11) DEFAULT NULL,
  `prepaid_id` int(11) DEFAULT NULL,
  `status` varchar(30) NOT NULL,
  `amount` int(50) DEFAULT NULL,
  `currency` varchar(11) DEFAULT NULL,
  `create_date` datetime NOT NULL DEFAULT current_timestamp(),
  `update_date` datetime NOT NULL DEFAULT current_timestamp() ON UPDATE current_timestamp()
) ENGINE=InnoDB DEFAULT CHARSET=utf8mb4 COLLATE=utf8mb4_general_ci;

--
-- Dumping data for table `orders`
--

INSERT INTO `orders` (`id`, `suyoolUserId`, `transId`, `postpaid_id`, `prepaid_id`, `status`, `amount`, `currency`, `create_date`, `update_date`) VALUES
(1070, 89, 4411, 3, NULL, 'completed', 158000, 'LBP', '2023-07-26 12:35:28', '2023-07-26 12:35:32'),
(1071, 89, 4412, NULL, 11, 'completed', 288990, 'LBP', '2023-07-26 12:35:54', '2023-07-26 12:35:55'),
(1072, 89, NULL, NULL, NULL, 'canceled', 288990, 'LBP', '2023-07-26 12:36:50', '2023-07-26 12:36:50'),
(1073, 89, 4426, 4, NULL, 'completed', 158000, 'LBP', '2023-07-26 12:40:37', '2023-07-26 12:40:42'),
(1074, 89, 4431, NULL, NULL, 'completed', 117135, 'LBP', '2023-07-26 12:42:41', '2023-07-26 12:42:41'),
(1075, 89, NULL, NULL, NULL, 'canceled', 2158875, 'LBP', '2023-07-26 12:42:54', '2023-07-26 12:42:54'),
(1076, 89, NULL, NULL, NULL, 'canceled', 2158875, 'LBP', '2023-07-27 10:32:24', '2023-07-27 10:32:30'),
(1077, 89, NULL, NULL, NULL, 'pending', 2158875, 'LBP', '2023-07-27 10:33:22', '2023-07-27 10:33:22'),
(1078, 89, NULL, NULL, NULL, 'canceled', 2158875, 'LBP', '2023-07-27 10:33:58', '2023-07-27 10:33:58'),
(1079, 89, NULL, NULL, NULL, 'canceled', 2158875, 'LBP', '2023-07-27 10:34:18', '2023-07-27 10:34:18'),
(1080, 89, NULL, NULL, NULL, 'canceled', 2158875, 'LBP', '2023-07-27 10:36:46', '2023-07-27 10:36:47'),
(1081, 89, NULL, NULL, NULL, 'canceled', 2158875, 'LBP', '2023-07-27 10:37:57', '2023-07-27 10:37:57'),
(1082, 89, NULL, NULL, NULL, 'canceled', 2158875, 'LBP', '2023-07-27 10:39:06', '2023-07-27 10:39:06'),
(1083, 89, NULL, NULL, NULL, 'canceled', 2158875, 'LBP', '2023-07-27 10:39:48', '2023-07-27 10:39:48'),
(1084, 89, NULL, NULL, NULL, 'canceled', 2158875, 'LBP', '2023-07-27 10:40:25', '2023-07-27 10:40:25'),
(1085, 89, NULL, NULL, NULL, 'canceled', 2158875, 'LBP', '2023-07-27 10:40:57', '2023-07-27 10:40:57'),
(1086, 89, NULL, NULL, NULL, 'canceled', 2158875, 'LBP', '2023-07-27 10:42:08', '2023-07-27 10:42:08'),
(1087, 89, NULL, NULL, NULL, 'canceled', 2158875, 'LBP', '2023-07-27 10:43:00', '2023-07-27 10:43:00'),
(1088, 89, NULL, NULL, NULL, 'canceled', 2158875, 'LBP', '2023-07-27 10:45:25', '2023-07-27 10:45:25'),
(1089, 89, NULL, NULL, NULL, 'pending', 2158875, 'LBP', '2023-07-27 10:48:00', '2023-07-27 10:48:00'),
(1090, 89, NULL, NULL, NULL, 'pending', 2158875, 'LBP', '2023-07-27 10:48:21', '2023-07-27 10:48:21'),
(1091, 89, NULL, NULL, NULL, 'pending', 2158875, 'LBP', '2023-07-27 10:48:35', '2023-07-27 10:48:35'),
(1092, 89, NULL, NULL, NULL, 'canceled', 2158875, 'LBP', '2023-07-27 10:48:52', '2023-07-27 10:48:52'),
(1093, 89, NULL, NULL, NULL, 'pending', 2158875, 'LBP', '2023-07-27 10:49:40', '2023-07-27 10:49:40'),
(1094, 89, NULL, NULL, NULL, 'canceled', 2158875, 'LBP', '2023-07-27 10:50:13', '2023-07-27 10:50:13'),
(1095, 89, NULL, NULL, NULL, 'pending', 2158875, 'LBP', '2023-07-27 10:51:01', '2023-07-27 10:51:01'),
(1096, 89, NULL, NULL, NULL, 'pending', 2158875, 'LBP', '2023-07-27 10:51:24', '2023-07-27 10:51:24'),
(1097, 89, NULL, NULL, NULL, 'pending', 2158875, 'LBP', '2023-07-27 10:54:57', '2023-07-27 10:54:57'),
(1098, 89, NULL, NULL, NULL, 'pending', 2158875, 'LBP', '2023-07-27 10:56:21', '2023-07-27 10:56:21'),
(1099, 89, NULL, NULL, NULL, 'pending', 2158875, 'LBP', '2023-07-27 10:58:20', '2023-07-27 10:58:20'),
(1100, 89, NULL, NULL, NULL, 'pending', 2158875, 'LBP', '2023-07-27 11:00:12', '2023-07-27 11:00:12'),
(1101, 89, NULL, NULL, NULL, 'canceled', 2158875, 'LBP', '2023-07-27 11:07:27', '2023-07-27 11:07:27'),
(1102, 89, NULL, NULL, NULL, 'pending', 2158875, 'LBP', '2023-07-27 11:07:53', '2023-07-27 11:07:53'),
(1103, 89, NULL, NULL, NULL, 'pending', 2158875, 'LBP', '2023-07-27 11:08:26', '2023-07-27 11:08:26'),
(1104, 89, NULL, NULL, NULL, 'pending', 2158875, 'LBP', '2023-07-27 11:09:00', '2023-07-27 11:09:00'),
(1105, 89, NULL, NULL, NULL, 'pending', 2158875, 'LBP', '2023-07-27 11:19:50', '2023-07-27 11:19:50'),
(1106, 89, NULL, NULL, NULL, 'pending', 2158875, 'LBP', '2023-07-27 11:20:03', '2023-07-27 11:20:03'),
(1107, 89, NULL, NULL, NULL, 'canceled', 2158875, 'LBP', '2023-07-27 11:20:12', '2023-07-27 11:20:13'),
(1108, 89, NULL, NULL, NULL, 'canceled', 2158875, 'LBP', '2023-07-27 11:26:16', '2023-07-27 11:26:16'),
(1109, 89, 4633, NULL, 12, 'completed', 288990, 'LBP', '2023-07-27 11:26:21', '2023-07-27 11:26:21'),
(1110, 89, 4634, 5, NULL, 'completed', 158000, 'LBP', '2023-07-27 11:26:44', '2023-07-27 11:26:58'),
(1111, 89, NULL, NULL, NULL, 'canceled', 158000, 'LBP', '2023-07-27 11:58:26', '2023-07-27 11:58:29'),
(1112, 89, NULL, NULL, NULL, 'pending', 158000, 'LBP', '2023-07-27 12:00:37', '2023-07-27 12:00:37'),
(1113, 89, 4645, 6, NULL, 'completed', 158000, 'LBP', '2023-07-27 12:01:31', '2023-07-27 12:01:41'),
(1114, 89, 4649, 7, NULL, 'completed', 158000, 'LBP', '2023-07-27 12:26:52', '2023-07-27 12:27:03'),
(1115, 89, 4650, 8, NULL, 'completed', 158000, 'LBP', '2023-07-27 12:28:31', '2023-07-27 12:28:35'),
(1116, 89, NULL, NULL, NULL, 'canceled', 158000, 'LBP', '2023-07-27 12:29:07', '2023-07-27 12:29:07'),
(1117, 89, NULL, NULL, NULL, 'canceled', 158000, 'LBP', '2023-07-27 12:31:14', '2023-07-27 12:31:14'),
(1118, 89, NULL, NULL, NULL, 'canceled', 2158875, 'LBP', '2023-07-27 12:31:59', '2023-07-27 12:32:00'),
(1119, 89, NULL, NULL, NULL, 'pending', 2158875, 'LBP', '2023-07-27 12:34:21', '2023-07-27 12:34:21'),
(1120, 89, NULL, NULL, NULL, 'pending', 288990, 'LBP', '2023-07-27 12:35:13', '2023-07-27 12:35:13'),
(1121, 89, NULL, NULL, NULL, 'canceled', 288990, 'LBP', '2023-07-27 12:35:31', '2023-07-27 12:35:32'),
(1122, 89, NULL, NULL, NULL, 'canceled', 2158875, 'LBP', '2023-07-28 12:37:15', '2023-07-28 12:37:20'),
(1123, 89, NULL, NULL, NULL, 'canceled', 2158875, 'LBP', '2023-07-28 12:37:51', '2023-07-28 12:37:51'),
(1124, 89, NULL, NULL, NULL, 'canceled', 2158875, 'LBP', '2023-07-28 12:38:08', '2023-07-28 12:38:08'),
(1125, 89, NULL, NULL, NULL, 'canceled', 117135, 'LBP', '2023-07-28 13:09:26', '2023-07-28 13:09:32'),
(1126, 89, 4706, NULL, NULL, 'completed', 117135, 'LBP', '2023-07-28 13:10:14', '2023-07-28 13:10:15'),
(1127, 89, 4707, NULL, 13, 'purchased', 288990, 'LBP', '2023-07-28 13:10:38', '2023-07-28 13:10:39'),
(1128, 89, NULL, NULL, NULL, 'canceled', 288990, 'LBP', '2023-07-28 13:20:46', '2023-07-28 13:20:46'),
(1129, 89, 4713, NULL, 14, 'purchased', 288990, 'LBP', '2023-07-28 13:21:18', '2023-07-28 13:21:19'),
(1130, 89, 4716, NULL, 15, 'completed', 288990, 'LBP', '2023-07-28 13:29:54', '2023-07-28 13:29:54'),
(1131, 89, NULL, NULL, NULL, 'canceled', 158000, 'LBP', '2023-07-28 13:41:04', '2023-07-28 13:41:04'),
(1132, 89, 4721, 9, NULL, 'completed', 158000, 'LBP', '2023-07-28 13:41:40', '2023-07-28 13:41:54'),
(1133, 89, 4744, NULL, 16, 'completed', 288990, 'LBP', '2023-07-28 16:22:59', '2023-07-28 16:23:02'),
(1134, 89, 4946, NULL, 17, 'completed', 288990, 'LBP', '2023-07-31 13:44:11', '2023-07-31 13:44:15'),
(1135, 89, 4947, NULL, 18, 'completed', 288990, 'LBP', '2023-07-31 13:44:19', '2023-07-31 13:44:19'),
(1136, 89, 4948, NULL, NULL, 'completed', 720765, 'LBP', '2023-07-31 13:50:08', '2023-07-31 13:50:08'),
(1137, 89, NULL, NULL, NULL, 'pending', 720765, 'LBP', '2023-07-31 14:23:43', '2023-07-31 14:23:43'),
(1138, 89, 4957, NULL, 19, 'completed', 288990, 'LBP', '2023-07-31 14:29:28', '2023-07-31 14:29:28'),
(1139, 89, 4962, NULL, 20, 'completed', 288990, 'LBP', '2023-07-31 15:27:17', '2023-07-31 15:27:17'),
(1140, 89, NULL, NULL, NULL, 'canceled', 288990, 'LBP', '2023-07-31 16:05:03', '2023-07-31 16:05:06'),
(1141, 89, NULL, NULL, NULL, 'canceled', 288990, 'LBP', '2023-07-31 16:05:20', '2023-07-31 16:05:20'),
(1142, 89, NULL, NULL, NULL, 'canceled', 288990, 'LBP', '2023-07-31 16:05:39', '2023-07-31 16:05:39'),
(1143, 89, NULL, NULL, NULL, 'canceled', 158000, 'LBP', '2023-07-31 16:07:27', '2023-07-31 16:07:27'),
(1144, 89, NULL, NULL, NULL, 'canceled', 288990, 'LBP', '2023-07-31 16:09:55', '2023-07-31 16:09:55'),
(1145, 89, NULL, NULL, NULL, 'canceled', 1438965, 'LBP', '2023-07-31 16:10:19', '2023-07-31 16:10:20'),
(1146, 89, NULL, NULL, NULL, 'canceled', 1438965, 'LBP', '2023-07-31 16:10:39', '2023-07-31 16:10:39'),
(1147, 155, 4972, NULL, 21, 'completed', 288990, 'LBP', '2023-07-31 16:12:49', '2023-07-31 16:12:50'),
(1148, 89, NULL, NULL, NULL, 'canceled', 2158875, 'LBP', '2023-07-31 16:45:56', '2023-07-31 16:45:56'),
(1149, 89, NULL, NULL, NULL, 'canceled', 2158875, 'LBP', '2023-07-31 16:46:11', '2023-07-31 16:46:12'),
(1150, 89, NULL, NULL, NULL, 'canceled', 158000, 'LBP', '2023-08-01 10:11:04', '2023-08-01 10:11:05'),
(1151, 89, 4992, 10, NULL, 'completed', 158000, 'LBP', '2023-08-01 10:11:25', '2023-08-01 10:11:39'),
(1152, 89, 4996, NULL, 22, 'completed', 288990, 'LBP', '2023-08-01 11:06:18', '2023-08-01 11:06:34'),
(1153, 89, 5009, NULL, NULL, 'held', 428355, 'LBP', '2023-08-01 12:16:08', '2023-08-01 12:16:08'),
(1154, 89, 5010, NULL, NULL, 'completed', 428355, 'LBP', '2023-08-01 12:17:41', '2023-08-01 12:17:45'),
(1155, 89, 5064, NULL, NULL, 'completed', 117135, 'LBP', '2023-08-01 14:35:55', '2023-08-01 14:36:01'),
(1156, 89, 5092, NULL, 23, 'completed', 288990, 'LBP', '2023-08-01 15:41:54', '2023-08-01 15:41:57'),
(1157, 89, 5291, 11, NULL, 'completed', 158000, 'LBP', '2023-08-03 11:46:23', '2023-08-03 11:46:28'),
(1158, 89, 5318, 12, NULL, 'completed', 158000, 'LBP', '2023-08-03 16:35:29', '2023-08-03 16:35:42'),
(1159, 89, 5414, 13, NULL, 'completed', 158000, 'LBP', '2023-08-07 09:42:06', '2023-08-07 09:42:42'),
(1160, 89, 5456, 14, NULL, 'completed', 158000, 'LBP', '2023-08-07 11:17:30', '2023-08-07 11:17:34'),
(1161, 89, 5461, 15, NULL, 'completed', 158000, 'LBP', '2023-08-07 11:47:05', '2023-08-07 11:47:12'),
(1162, 89, 5462, NULL, 24, 'completed', 288990, 'LBP', '2023-08-07 11:48:09', '2023-08-07 11:48:09'),
(1163, 89, NULL, NULL, NULL, 'canceled', 158000, 'LBP', '2023-08-07 12:06:12', '2023-08-07 12:06:12'),
(1164, 89, 5467, 16, NULL, 'completed', 158000, 'LBP', '2023-08-07 12:07:24', '2023-08-07 12:07:29'),
(1165, 89, NULL, NULL, NULL, 'canceled', 158000, 'LBP', '2023-08-07 12:11:28', '2023-08-07 12:11:28'),
(1166, 89, 5471, 17, NULL, 'completed', 158000, 'LBP', '2023-08-07 12:12:20', '2023-08-07 12:12:25'),
(1167, 89, NULL, NULL, NULL, 'canceled', 158000, 'LBP', '2023-08-07 12:27:18', '2023-08-07 12:27:19'),
(1168, 89, 5474, 18, NULL, 'completed', 158000, 'LBP', '2023-08-07 12:27:24', '2023-08-07 12:27:30'),
(1169, 89, NULL, NULL, NULL, 'canceled', 158000, 'LBP', '2023-08-07 14:45:37', '2023-08-07 14:45:42'),
(1170, 89, NULL, NULL, NULL, 'canceled', 2158875, 'LBP', '2023-08-07 14:51:11', '2023-08-07 14:51:11'),
(1171, 89, NULL, NULL, NULL, 'canceled', 117135, 'LBP', '2023-08-07 14:51:23', '2023-08-07 14:51:23'),
(1172, 89, 5506, 19, NULL, 'completed', 158000, 'LBP', '2023-08-07 14:53:16', '2023-08-07 14:53:27'),
(1173, 89, NULL, NULL, NULL, 'canceled', 158000, 'LBP', '2023-08-07 15:11:52', '2023-08-07 15:11:52'),
(1174, 89, NULL, NULL, NULL, 'canceled', 158000, 'LBP', '2023-08-08 09:52:07', '2023-08-08 09:52:10'),
(1175, 89, 5621, 20, NULL, 'completed', 158000, 'LBP', '2023-08-08 10:20:00', '2023-08-08 10:20:04'),
(1176, 89, 5624, NULL, 25, 'completed', 288990, 'LBP', '2023-08-08 10:20:48', '2023-08-08 10:20:49'),
(1177, 89, 5623, NULL, 26, 'completed', 288990, 'LBP', '2023-08-08 10:20:48', '2023-08-08 10:20:49'),
(1178, 89, 5647, NULL, 27, 'completed', 288990, 'LBP', '2023-08-08 10:58:25', '2023-08-08 10:58:25'),
(1179, 89, 5650, 21, NULL, 'completed', 158000, 'LBP', '2023-08-08 11:13:34', '2023-08-08 11:13:46'),
(1180, 89, 5652, NULL, NULL, 'completed', 117135, 'LBP', '2023-08-08 11:26:57', '2023-08-08 11:27:01'),
(1181, 89, 5653, NULL, 28, 'completed', 288990, 'LBP', '2023-08-08 11:27:50', '2023-08-08 11:27:50'),
(1182, 89, 5655, NULL, 29, 'completed', 288990, 'LBP', '2023-08-08 11:31:26', '2023-08-08 11:31:26'),
(1183, 89, 5669, 22, NULL, 'completed', 158000, 'LBP', '2023-08-08 12:28:03', '2023-08-08 12:28:12'),
(1184, 89, 5671, 23, NULL, 'completed', 158000, 'LBP', '2023-08-08 12:33:58', '2023-08-08 12:34:03'),
(1185, 89, 5674, 24, NULL, 'completed', 158000, 'LBP', '2023-08-08 13:14:45', '2023-08-08 13:14:53'),
(1186, 89, 5676, 25, NULL, 'completed', 158000, 'LBP', '2023-08-08 13:17:44', '2023-08-08 13:17:48'),
(1187, 89, 5742, 26, NULL, 'completed', 158000, 'LBP', '2023-08-08 14:44:30', '2023-08-08 14:44:37'),
(1188, 89, 5743, 27, NULL, 'completed', 158000, 'LBP', '2023-08-08 14:49:53', '2023-08-08 14:49:57'),
(1189, 89, 5749, 28, NULL, 'completed', 158000, 'LBP', '2023-08-08 15:19:43', '2023-08-08 15:19:50'),
(1190, 89, 5751, 29, NULL, 'completed', 158000, 'LBP', '2023-08-08 15:23:23', '2023-08-08 15:23:28'),
(1191, 89, 5818, 30, NULL, 'completed', 158000, 'LBP', '2023-08-09 10:17:10', '2023-08-09 10:17:25'),
(1192, 89, 5823, 31, NULL, 'completed', 158000, 'LBP', '2023-08-09 10:41:26', '2023-08-09 10:41:33'),
(1193, 89, 5826, NULL, NULL, 'completed', 117135, 'LBP', '2023-08-09 10:48:20', '2023-08-09 10:48:25'),
(1194, 89, 5827, NULL, 30, 'completed', 288990, 'LBP', '2023-08-09 10:49:38', '2023-08-09 10:49:39'),
(1195, 89, 5828, NULL, 31, 'completed', 288990, 'LBP', '2023-08-09 10:53:45', '2023-08-09 10:53:45'),
(1196, 89, NULL, NULL, NULL, 'canceled', 288990, 'LBP', '2023-08-09 10:53:53', '2023-08-09 10:53:53'),
(1197, 89, NULL, NULL, NULL, 'canceled', 2158875, 'LBP', '2023-08-09 10:57:01', '2023-08-09 10:57:01'),
(1198, 89, 5834, NULL, 32, 'completed', 288990, 'LBP', '2023-08-09 10:58:35', '2023-08-09 10:58:36'),
(1199, 89, NULL, NULL, NULL, 'canceled', 288990, 'LBP', '2023-08-09 10:58:47', '2023-08-09 10:58:47'),
(1200, 89, NULL, NULL, NULL, 'canceled', 158000, 'LBP', '2023-08-09 10:59:48', '2023-08-09 10:59:48'),
(1201, 89, NULL, NULL, NULL, 'canceled', 288990, 'LBP', '2023-08-09 11:00:05', '2023-08-09 11:00:06'),
(1202, 89, 5840, NULL, 33, 'completed', 288990, 'LBP', '2023-08-09 11:02:22', '2023-08-09 11:02:23'),
(1203, 89, 5859, NULL, NULL, 'completed', 117135, 'LBP', '2023-08-09 11:21:42', '2023-08-09 11:21:45'),
(1204, 89, 5860, NULL, 34, 'completed', 288990, 'LBP', '2023-08-09 11:21:49', '2023-08-09 11:21:50'),
(1205, 89, NULL, NULL, NULL, 'canceled', 2158875, 'LBP', '2023-08-09 13:00:01', '2023-08-09 13:00:01'),
(1206, 89, NULL, NULL, NULL, 'pending', 2158875, 'LBP', '2023-08-09 13:02:03', '2023-08-09 13:02:03'),
(1207, 89, NULL, NULL, NULL, 'pending', 2158875, 'LBP', '2023-08-09 13:39:54', '2023-08-09 13:39:54'),
(1208, 89, 5967, 32, NULL, 'completed', 158000, 'LBP', '2023-08-09 15:25:37', '2023-08-09 15:25:44'),
(1209, 89, 5968, NULL, 35, 'completed', 288990, 'LBP', '2023-08-09 15:25:57', '2023-08-09 15:25:57'),
(1210, 89, NULL, NULL, NULL, 'canceled', 2158875, 'LBP', '2023-08-09 15:26:12', '2023-08-09 15:26:12'),
(1211, 89, 5974, 33, NULL, 'completed', 158000, 'LBP', '2023-08-09 15:35:42', '2023-08-09 15:35:47'),
(1212, 89, NULL, NULL, NULL, 'pending', 117135, 'LBP', '2023-08-10 11:26:03', '2023-08-10 11:26:03'),
(1213, 89, NULL, NULL, NULL, 'pending', 158000, 'LBP', '2023-08-10 12:18:05', '2023-08-10 12:18:05'),
(1214, 89, NULL, NULL, NULL, 'pending', 117135, 'LBP', '2023-08-10 12:18:38', '2023-08-10 12:18:38'),
(1215, 89, NULL, NULL, NULL, 'pending', 158000, 'LBP', '2023-08-10 12:19:35', '2023-08-10 12:19:35'),
(1216, 89, NULL, NULL, NULL, 'pending', 158000, 'LBP', '2023-08-10 12:22:35', '2023-08-10 12:22:35'),
(1217, 89, NULL, NULL, NULL, 'pending', 117135, 'LBP', '2023-08-10 14:05:53', '2023-08-10 14:05:53'),
(1218, 89, 7670, 34, NULL, 'purchased', 158000, 'LBP', '2023-08-11 12:01:16', '2023-08-11 12:01:22'),
(1219, 89, 7671, 35, NULL, 'purchased', 158000, 'LBP', '2023-08-11 12:02:57', '2023-08-11 12:03:02'),
(1220, 89, 7673, 36, NULL, 'completed', 158000, 'LBP', '2023-08-11 12:05:12', '2023-08-11 12:05:18'),
(1221, 89, 7674, 37, NULL, 'completed', 158000, 'LBP', '2023-08-11 12:06:25', '2023-08-11 12:06:30'),
(1222, 89, 7675, 38, NULL, 'completed', 158000, 'LBP', '2023-08-11 12:06:55', '2023-08-11 12:06:57'),
(1223, 89, 7676, NULL, 36, 'purchased', 288990, 'LBP', '2023-08-11 12:46:54', '2023-08-11 12:47:00'),
(1224, 89, 7677, NULL, 37, 'completed', 288990, 'LBP', '2023-08-11 12:47:42', '2023-08-11 12:47:43'),
(1225, 89, 7692, 39, NULL, 'completed', 158000, 'LBP', '2023-08-11 13:18:26', '2023-08-11 13:18:31'),
(1226, 89, 7694, NULL, NULL, 'completed', 117135, 'LBP', '2023-08-11 13:32:55', '2023-08-11 13:32:59'),
(1227, 89, 7695, NULL, NULL, 'completed', 713070, 'LBP', '2023-08-11 13:36:10', '2023-08-11 13:36:13'),
(1228, 89, 7696, NULL, NULL, 'completed', 1282500, 'LBP', '2023-08-11 13:39:18', '2023-08-11 13:39:22'),
(1229, 89, 7697, NULL, 38, 'completed', 288990, 'LBP', '2023-08-11 13:39:35', '2023-08-11 13:39:35'),
(1230, 89, 7698, NULL, 39, 'completed', 288990, 'LBP', '2023-08-11 13:41:03', '2023-08-11 13:41:04'),
(1231, 89, 7699, NULL, 40, 'completed', 288990, 'LBP', '2023-08-11 13:44:43', '2023-08-11 13:44:44'),
(1232, 89, 7700, NULL, 41, 'completed', 288990, 'LBP', '2023-08-11 13:44:53', '2023-08-11 13:44:54'),
(1233, 89, 7701, NULL, 42, 'completed', 288990, 'LBP', '2023-08-11 13:45:18', '2023-08-11 13:45:18'),
(1234, 89, 7702, NULL, 43, 'completed', 288990, 'LBP', '2023-08-11 13:48:01', '2023-08-11 13:48:01'),
(1235, 89, 7708, NULL, NULL, 'completed', 117135, 'LBP', '2023-08-11 13:55:19', '2023-08-11 13:55:22'),
(1236, 89, NULL, NULL, NULL, 'canceled', 158000, 'LBP', '2023-08-11 14:06:10', '2023-08-11 14:06:10'),
(1237, 89, NULL, NULL, NULL, 'canceled', 158000, 'LBP', '2023-08-11 14:07:17', '2023-08-11 14:07:17'),
(1238, 89, 7737, NULL, 44, 'completed', 288990, 'LBP', '2023-08-11 14:44:09', '2023-08-11 14:44:11'),
(1239, 89, 7738, NULL, 45, 'completed', 288990, 'LBP', '2023-08-11 14:44:27', '2023-08-11 14:44:28'),
(1240, 89, NULL, NULL, NULL, 'canceled', 288990, 'LBP', '2023-08-11 14:49:19', '2023-08-11 14:49:19'),
(1241, 155, NULL, NULL, NULL, 'canceled', 158000, 'LBP', '2023-08-14 11:10:03', '2023-08-14 11:10:04'),
(1242, 155, 7970, 40, NULL, 'completed', 158000, 'LBP', '2023-08-14 11:21:55', '2023-08-14 11:22:02'),
(1243, 155, 8323, 41, NULL, 'completed', 158000, 'LBP', '2023-08-16 10:14:24', '2023-08-16 10:14:34');

-- --------------------------------------------------------

--
-- Table structure for table `postpaid`
--

CREATE TABLE `postpaid` (
  `id` int(11) NOT NULL,
  `suyoolUserId` int(11) NOT NULL,
  `gsmNumber` int(11) NOT NULL,
  `currency` varchar(20) NOT NULL,
  `pin` int(11) NOT NULL,
  `transactionId` int(11) NOT NULL,
  `transactionDescription` varchar(255) DEFAULT NULL,
  `status` varchar(50) NOT NULL,
  `fees` int(11) NOT NULL,
  `fees1` int(11) NOT NULL,
  `additionalFees` int(11) NOT NULL,
  `displayedFees` int(50) NOT NULL,
  `amount` double NOT NULL,
  `amount1` double NOT NULL,
  `amount2` double NOT NULL,
  `referenceNumber` int(11) NOT NULL,
  `informativeOriginalWSAmount` double NOT NULL,
  `totalAmount` double NOT NULL,
  `rounding` int(11) NOT NULL,
  `create_date` datetime NOT NULL DEFAULT current_timestamp(),
  `update_date` datetime NOT NULL DEFAULT current_timestamp() ON UPDATE current_timestamp()
) ENGINE=InnoDB DEFAULT CHARSET=utf8mb4 COLLATE=utf8mb4_general_ci;

--
-- Dumping data for table `postpaid`
--

INSERT INTO `postpaid` (`id`, `suyoolUserId`, `gsmNumber`, `currency`, `pin`, `transactionId`, `transactionDescription`, `status`, `fees`, `fees1`, `additionalFees`, `displayedFees`, `amount`, `amount1`, `amount2`, `referenceNumber`, `informativeOriginalWSAmount`, `totalAmount`, `rounding`, `create_date`, `update_date`) VALUES
(3, 216559524, 70102030, 'LBP', 1234, 1735388, '20230700000271', 'pending', 1300, 0, 0, 0, 156870, 0, 0, 2147483647, 104.58, 158000, -170, '2023-07-26 12:35:32', '2023-07-26 12:35:32'),
(4, 967294413, 70102030, 'LBP', 1234, 1735389, '20230700000272', 'pending', 1300, 0, 0, 0, 156870, 0, 0, 2147483647, 104.58, 158000, -170, '2023-07-26 12:40:42', '2023-07-26 12:40:42'),
(5, 1755502564, 70102030, 'LBP', 1234, 1735393, '20230700000276', 'pending', 1300, 0, 0, 0, 156870, 0, 0, 2147483647, 104.58, 158000, -170, '2023-07-27 11:26:58', '2023-07-27 11:26:58'),
(6, 1246236459, 70102030, 'LBP', 1234, 1735396, '20230700000279', 'pending', 1300, 0, 0, 0, 156870, 0, 0, 2147483647, 104.58, 158000, -170, '2023-07-27 12:01:41', '2023-07-27 12:01:41'),
(7, 1822798798, 70102030, 'LBP', 1234, 1735397, '20230700000280', 'pending', 1300, 0, 0, 0, 156870, 0, 0, 2147483647, 104.58, 158000, -170, '2023-07-27 12:27:03', '2023-07-27 12:27:03'),
(8, 2042778752, 70102030, 'LBP', 1234, 1735398, '20230700000281', 'pending', 1300, 0, 0, 0, 156870, 0, 0, 2147483647, 104.58, 158000, -170, '2023-07-27 12:28:35', '2023-07-27 12:28:35'),
(9, 1573937255, 70102030, 'LBP', 1234, 1735403, '20230700000286', 'pending', 1300, 0, 0, 0, 156870, 0, 0, 2147483647, 104.58, 158000, -170, '2023-07-28 13:41:54', '2023-07-28 13:41:54'),
(10, 1468830427, 70102030, 'LBP', 1234, 1735435, '20230800000002', 'pending', 1300, 0, 0, 0, 156870, 0, 0, 2147483647, 104.58, 158000, -170, '2023-08-01 10:11:38', '2023-08-01 10:11:38'),
(11, 713742554, 70102030, 'LBP', 1234, 1735480, '20230800000040', 'pending', 1300, 0, 0, 0, 156870, 0, 0, 2147483647, 104.58, 158000, -170, '2023-08-03 11:46:28', '2023-08-03 11:46:28'),
(12, 1042796386, 70102030, 'LBP', 1234, 1735482, '20230800000042', 'pending', 1300, 0, 0, 0, 156870, 0, 0, 2147483647, 104.58, 158000, -170, '2023-08-03 16:35:42', '2023-08-03 16:35:42'),
(13, 237831491, 70102030, 'LBP', 1234, 1735497, '20230800000065', 'pending', 1300, 0, 0, 0, 156870, 0, 0, 2147483647, 104.58, 158000, -170, '2023-08-07 09:42:42', '2023-08-07 09:42:42'),
(14, 161670635, 70102030, 'LBP', 1234, 1735502, '20230800000070', 'pending', 1300, 0, 0, 0, 156870, 0, 0, 2147483647, 104.58, 158000, -170, '2023-08-07 11:17:34', '2023-08-07 11:17:34'),
(15, 483301490, 70102030, 'LBP', 1234, 1735503, '20230800000071', 'pending', 1300, 0, 0, 0, 156870, 0, 0, 2147483647, 104.58, 158000, -170, '2023-08-07 11:47:12', '2023-08-07 11:47:12'),
(16, 1771250424, 70102030, 'LBP', 1234, 1735505, '20230800000073', 'pending', 1300, 0, 0, 0, 156870, 0, 0, 2147483647, 104.58, 158000, -170, '2023-08-07 12:07:29', '2023-08-07 12:07:29'),
(17, 1864540938, 70102030, 'LBP', 1234, 1735507, '20230800000075', 'pending', 1300, 0, 0, 0, 156870, 0, 0, 2147483647, 104.58, 158000, -170, '2023-08-07 12:12:25', '2023-08-07 12:12:25'),
(18, 148694780, 70102030, 'LBP', 1234, 1735513, '20230800000081', 'pending', 1300, 0, 0, 0, 156870, 0, 0, 2147483647, 104.58, 158000, -170, '2023-08-07 12:27:29', '2023-08-07 12:27:29'),
(19, 1487629885, 70102030, 'LBP', 1234, 1735522, '20230800000084', 'pending', 1300, 0, 0, 0, 156870, 0, 0, 2147483647, 104.58, 158000, -170, '2023-08-07 14:53:27', '2023-08-07 14:53:27'),
(20, 181677588, 70102030, 'LBP', 1234, 1735534, '20230800000094', 'pending', 1300, 0, 0, 0, 156870, 0, 0, 2147483647, 104.58, 158000, -170, '2023-08-08 10:20:04', '2023-08-08 10:20:04'),
(21, 411070842, 70102030, 'LBP', 1234, 1735546, '20230800000105', 'pending', 1300, 0, 0, 0, 156870, 0, 0, 2147483647, 104.58, 158000, -170, '2023-08-08 11:13:46', '2023-08-08 11:13:46'),
(22, 112540792, 70102030, 'LBP', 1234, 1735561, '20230800000120', 'pending', 1300, 0, 0, 0, 156870, 0, 0, 2147483647, 104.58, 158000, -170, '2023-08-08 12:28:12', '2023-08-08 12:28:12'),
(23, 1736144973, 70102030, 'LBP', 1234, 1735562, '20230800000121', 'pending', 1300, 0, 0, 0, 156870, 0, 0, 2147483647, 104.58, 158000, -170, '2023-08-08 12:34:03', '2023-08-08 12:34:03'),
(24, 2055354174, 70102030, 'LBP', 1234, 1735563, '20230800000122', 'pending', 1300, 0, 0, 0, 156870, 0, 0, 2147483647, 104.58, 158000, -170, '2023-08-08 13:14:53', '2023-08-08 13:14:53'),
(25, 697930203, 70102030, 'LBP', 1234, 1735565, '20230800000124', 'pending', 1300, 0, 0, 0, 156870, 0, 0, 2147483647, 104.58, 158000, -170, '2023-08-08 13:17:48', '2023-08-08 13:17:48'),
(26, 1240033341, 70102030, 'LBP', 1234, 1735568, '20230800000127', 'pending', 1300, 0, 0, 0, 156870, 0, 0, 2147483647, 104.58, 158000, -170, '2023-08-08 14:44:37', '2023-08-08 14:44:37'),
(27, 840783668, 70102030, 'LBP', 1234, 1735570, '20230800000129', 'pending', 1300, 0, 0, 0, 156870, 0, 0, 2147483647, 104.58, 158000, -170, '2023-08-08 14:49:57', '2023-08-08 14:49:57'),
(28, 2137114795, 70102030, 'LBP', 1234, 1735571, '20230800000130', 'pending', 1300, 0, 0, 0, 156870, 0, 0, 2147483647, 104.58, 158000, -170, '2023-08-08 15:19:50', '2023-08-08 15:19:50'),
(29, 385409486, 70102030, 'LBP', 1234, 1735573, '20230800000132', 'pending', 1300, 0, 0, 0, 156870, 0, 0, 2147483647, 104.58, 158000, -170, '2023-08-08 15:23:28', '2023-08-08 15:23:28'),
(30, 63489295, 70102030, 'LBP', 1234, 1735584, '20230800000142', 'pending', 1300, 0, 0, 0, 156870, 0, 0, 2147483647, 104.58, 158000, -170, '2023-08-09 10:17:24', '2023-08-09 10:17:24'),
(31, 1498737164, 70102030, 'LBP', 1234, 1735585, '20230800000143', 'pending', 1300, 0, 0, 0, 156870, 0, 0, 2147483647, 104.58, 158000, -170, '2023-08-09 10:41:33', '2023-08-09 10:41:33'),
(32, 121921616, 70102030, 'LBP', 1234, 1735590, '20230800000148', 'pending', 1300, 0, 0, 0, 156870, 0, 0, 2147483647, 104.58, 158000, -170, '2023-08-09 15:25:44', '2023-08-09 15:25:44'),
(33, 60326966, 70102030, 'LBP', 1234, 1735593, '20230800000151', 'pending', 1300, 0, 0, 0, 156870, 0, 0, 2147483647, 104.58, 158000, -170, '2023-08-09 15:35:47', '2023-08-09 15:35:47'),
(34, 2137936415, 70102030, 'LBP', 1234, 1735653, '20230800000208', 'pending', 1300, 0, 0, 0, 156870, 0, 0, 2147483647, 104.58, 158000, -170, '2023-08-11 12:01:22', '2023-08-11 12:01:22'),
(35, 219554753, 70102030, 'LBP', 1234, 1735654, '20230800000209', 'pending', 1300, 0, 0, 0, 156870, 0, 0, 2147483647, 104.58, 158000, -170, '2023-08-11 12:03:02', '2023-08-11 12:03:02'),
(36, 1590335286, 70102030, 'LBP', 1234, 1735655, '20230800000210', 'pending', 1300, 0, 0, 0, 156870, 0, 0, 2147483647, 104.58, 158000, -170, '2023-08-11 12:05:18', '2023-08-11 12:05:18'),
(37, 1437938972, 70102030, 'LBP', 1234, 1735656, '20230800000211', 'pending', 1300, 0, 0, 0, 156870, 0, 0, 2147483647, 104.58, 158000, -170, '2023-08-11 12:06:30', '2023-08-11 12:06:30'),
(38, 1837203181, 70102030, 'LBP', 1234, 1735657, '20230800000212', 'pending', 1300, 0, 0, 0, 156870, 0, 0, 2147483647, 104.58, 158000, -170, '2023-08-11 12:06:57', '2023-08-11 12:06:57'),
(39, 1841907673, 70102030, 'LBP', 1234, 1735678, '20230800000233', 'pending', 1300, 0, 0, 0, 156870, 0, 0, 2147483647, 104.58, 158000, -170, '2023-08-11 13:18:31', '2023-08-11 13:18:31'),
(40, 205746541, 70102030, 'LBP', 1234, 1735763, '20230800000308', 'pending', 1300, 0, 0, 1300, 156870, 0, 0, 2147483647, 104.58, 158000, -170, '2023-08-14 11:22:01', '2023-08-14 11:22:01'),
(41, 392278916, 70102030, 'LBP', 1234, 1735776, '20230800000317', 'pending', 1300, 0, 0, 1300, 156870, 0, 0, 2147483647, 104.58, 158000, -170, '2023-08-16 10:14:33', '2023-08-16 10:14:33');

-- --------------------------------------------------------

--
-- Table structure for table `postpaidrequest`
--

CREATE TABLE `postpaidrequest` (
  `id` int(11) NOT NULL,
  `suyoolUserId` int(11) NOT NULL,
  `gsmNumber` int(11) NOT NULL,
  `transactionId` int(11) DEFAULT NULL,
  `currency` varchar(20) DEFAULT NULL,
  `pin` int(11) DEFAULT NULL,
  `fees` double DEFAULT NULL,
  `fees1` double DEFAULT NULL,
  `additionalFees` double DEFAULT NULL,
  `displayedFees` int(50) DEFAULT NULL,
  `amount` double DEFAULT NULL,
  `amount1` double DEFAULT NULL,
  `amount2` double DEFAULT NULL,
  `referenceNumber` text DEFAULT NULL,
  `informativeOriginalWSAmount` double DEFAULT NULL,
  `totalAmount` double DEFAULT NULL,
  `rounding` int(11) DEFAULT NULL,
  `create_date` datetime NOT NULL DEFAULT current_timestamp(),
  `update_date` datetime NOT NULL DEFAULT current_timestamp() ON UPDATE current_timestamp()
) ENGINE=InnoDB DEFAULT CHARSET=utf8mb4 COLLATE=utf8mb4_general_ci;

--
-- Dumping data for table `postpaidrequest`
--

INSERT INTO `postpaidrequest` (`id`, `suyoolUserId`, `gsmNumber`, `transactionId`, `currency`, `pin`, `fees`, `fees1`, `additionalFees`, `displayedFees`, `amount`, `amount1`, `amount2`, `referenceNumber`, `informativeOriginalWSAmount`, `totalAmount`, `rounding`, `create_date`, `update_date`) VALUES
(4, 216559524, 70102030, 1735388, 'LBP', 1234, 1300, 0, 0, NULL, 156870, 0, 0, '20230700000271', 104.58, 158000, -170, '2023-07-26 12:35:11', '2023-07-26 12:35:19'),
(5, 967294413, 70102030, 1735389, 'LBP', 1234, 1300, 0, 0, NULL, 156870, 0, 0, '20230700000272', 104.58, 158000, -170, '2023-07-26 12:40:08', '2023-07-26 12:40:19'),
(6, 1990128554, 70102030, NULL, NULL, NULL, NULL, NULL, NULL, NULL, NULL, NULL, NULL, NULL, NULL, NULL, NULL, '2023-07-27 09:36:31', '2023-07-27 09:36:31'),
(7, 509928279, 70102030, NULL, NULL, NULL, NULL, NULL, NULL, NULL, NULL, NULL, NULL, NULL, NULL, NULL, NULL, '2023-07-27 09:39:36', '2023-07-27 09:39:36'),
(8, 1755502564, 70102030, 1735393, 'LBP', 1234, 1300, 0, 0, NULL, 156870, 0, 0, '20230700000276', 104.58, 158000, -170, '2023-07-27 11:26:35', '2023-07-27 11:26:43'),
(9, 674029142, 70102030, 1735394, 'LBP', 1234, 1300, 0, 0, NULL, 156870, 0, 0, '20230700000277', 104.58, 158000, -170, '2023-07-27 11:58:20', '2023-07-27 11:58:25'),
(10, 1651025860, 70102030, 1735395, 'LBP', 1234, 1300, 0, 0, NULL, 156870, 0, 0, '20230700000278', 104.58, 158000, -170, '2023-07-27 12:00:30', '2023-07-27 12:00:35'),
(11, 1246236459, 70102030, 1735396, 'LBP', 1234, 1300, 0, 0, NULL, 156870, 0, 0, '20230700000279', 104.58, 158000, -170, '2023-07-27 12:01:25', '2023-07-27 12:01:30'),
(12, 1822798798, 70102030, 1735397, 'LBP', 1234, 1300, 0, 0, NULL, 156870, 0, 0, '20230700000280', 104.58, 158000, -170, '2023-07-27 12:26:37', '2023-07-27 12:26:51'),
(13, 651342475, 70102030, NULL, NULL, NULL, NULL, NULL, NULL, NULL, NULL, NULL, NULL, NULL, NULL, NULL, NULL, '2023-07-27 12:27:41', '2023-07-27 12:27:41'),
(14, 2042778752, 70102030, 1735398, 'LBP', 1234, 1300, 0, 0, NULL, 156870, 0, 0, '20230700000281', 104.58, 158000, -170, '2023-07-27 12:28:25', '2023-07-27 12:28:30'),
(15, 559598814, 70102030, 1735399, 'LBP', 1234, 1300, 0, 0, NULL, 156870, 0, 0, '20230700000282', 104.58, 158000, -170, '2023-07-27 12:29:00', '2023-07-27 12:29:05'),
(16, 1177009918, 70102030, 1735400, 'LBP', 1234, 1300, 0, 0, NULL, 156870, 0, 0, '20230700000283', 104.58, 158000, -170, '2023-07-27 12:29:59', '2023-07-27 12:30:03'),
(17, 485559510, 70102030, 1735401, 'LBP', 1234, 1300, 0, 0, NULL, 156870, 0, 0, '20230700000284', 104.58, 158000, -170, '2023-07-27 12:31:08', '2023-07-27 12:31:12'),
(18, 1774842612, 70102030, NULL, NULL, NULL, NULL, NULL, NULL, NULL, NULL, NULL, NULL, NULL, NULL, NULL, NULL, '2023-07-28 13:40:51', '2023-07-28 13:40:51'),
(19, 1573937255, 70102030, 1735403, 'LBP', 1234, 1300, 0, 0, NULL, 156870, 0, 0, '20230700000286', 104.58, 158000, -170, '2023-07-28 13:40:52', '2023-07-28 13:41:35'),
(20, 1391343713, 70102030, 1735414, 'LBP', 1234, 1300, 0, 0, NULL, 156870, 0, 0, '20230700000288', 104.58, 158000, -170, '2023-07-28 14:11:38', '2023-07-28 14:11:42'),
(21, 1500677196, 70102030, 1735433, 'LBP', 1234, 1300, 0, 0, NULL, 156870, 0, 0, '20230700000301', 104.58, 158000, -170, '2023-07-31 16:07:20', '2023-07-31 16:07:25'),
(22, 1700041546, 70102030, 1735434, 'LBP', 1234, 1300, 0, 0, NULL, 156870, 0, 0, '20230800000001', 104.58, 158000, -170, '2023-08-01 10:10:47', '2023-08-01 10:10:52'),
(23, 1468830427, 70102030, 1735435, 'LBP', 1234, 1300, 0, 0, NULL, 156870, 0, 0, '20230800000002', 104.58, 158000, -170, '2023-08-01 10:11:19', '2023-08-01 10:11:23'),
(24, 713742554, 70102030, 1735480, 'LBP', 1234, 1300, 0, 0, NULL, 156870, 0, 0, '20230800000040', 104.58, 158000, -170, '2023-08-03 11:46:15', '2023-08-03 11:46:21'),
(25, 1042796386, 70102030, 1735482, 'LBP', 1234, 1300, 0, 0, NULL, 156870, 0, 0, '20230800000042', 104.58, 158000, -170, '2023-08-03 16:35:19', '2023-08-03 16:35:24'),
(26, 237831491, 70102030, 1735497, 'LBP', 1234, 1300, 0, 0, NULL, 156870, 0, 0, '20230800000065', 104.58, 158000, -170, '2023-08-07 09:41:56', '2023-08-07 09:42:05'),
(27, 161670635, 70102030, 1735502, 'LBP', 1234, 1300, 0, 0, NULL, 156870, 0, 0, '20230800000070', 104.58, 158000, -170, '2023-08-07 11:17:17', '2023-08-07 11:17:21'),
(28, 483301490, 70102030, 1735503, 'LBP', 1234, 1300, 0, 0, NULL, 156870, 0, 0, '20230800000071', 104.58, 158000, -170, '2023-08-07 11:46:56', '2023-08-07 11:47:01'),
(29, 415255702, 70102030, NULL, NULL, NULL, NULL, NULL, NULL, NULL, NULL, NULL, NULL, NULL, NULL, NULL, NULL, '2023-08-07 12:00:10', '2023-08-07 12:00:10'),
(30, 967818735, 70102030, NULL, NULL, NULL, NULL, NULL, NULL, NULL, NULL, NULL, NULL, NULL, NULL, NULL, NULL, '2023-08-07 12:01:19', '2023-08-07 12:01:19'),
(31, 1261823751, 70102030, NULL, NULL, NULL, NULL, NULL, NULL, NULL, NULL, NULL, NULL, NULL, NULL, NULL, NULL, '2023-08-07 12:01:50', '2023-08-07 12:01:50'),
(32, 875237968, 70102030, 1735504, 'LBP', 1234, 1300, 0, 0, NULL, 156870, 0, 0, '20230800000072', 104.58, 158000, -170, '2023-08-07 12:06:05', '2023-08-07 12:06:10'),
(33, 1950391386, 70102030, 1735506, 'LBP', 1234, 1300, 0, 0, NULL, 156870, 0, 0, '20230800000074', 104.58, 158000, -170, '2023-08-07 12:07:11', '2023-08-07 12:11:23'),
(34, 1864540938, 70102030, 1735507, 'LBP', 1234, 1300, 0, 0, NULL, 156870, 0, 0, '20230800000075', 104.58, 158000, -170, '2023-08-07 12:12:14', '2023-08-07 12:12:18'),
(35, 24015463, 70102030, 1735508, 'LBP', 1234, 1300, 0, 0, NULL, 156870, 0, 0, '20230800000076', 104.58, 158000, -170, '2023-08-07 12:14:14', '2023-08-07 12:14:18'),
(36, 1144402144, 70102030, NULL, NULL, NULL, NULL, NULL, NULL, NULL, NULL, NULL, NULL, NULL, NULL, NULL, NULL, '2023-08-07 12:15:20', '2023-08-07 12:15:20'),
(37, 1917212566, 70102030, 1735509, 'LBP', 1234, 1300, 0, 0, NULL, 156870, 0, 0, '20230800000077', 104.58, 158000, -170, '2023-08-07 12:16:38', '2023-08-07 12:16:43'),
(38, 944398820, 70102030, 1735510, 'LBP', 1234, 1300, 0, 0, NULL, 156870, 0, 0, '20230800000078', 104.58, 158000, -170, '2023-08-07 12:16:57', '2023-08-07 12:17:03'),
(39, 488572397, 70102030, NULL, NULL, NULL, NULL, NULL, NULL, NULL, NULL, NULL, NULL, NULL, NULL, NULL, NULL, '2023-08-07 12:22:19', '2023-08-07 12:22:19'),
(40, 2061158631, 70102030, NULL, NULL, NULL, NULL, NULL, NULL, NULL, NULL, NULL, NULL, NULL, NULL, NULL, NULL, '2023-08-07 12:22:25', '2023-08-07 12:22:25'),
(41, 1687286185, 70102030, NULL, NULL, NULL, NULL, NULL, NULL, NULL, NULL, NULL, NULL, NULL, NULL, NULL, NULL, '2023-08-07 12:22:58', '2023-08-07 12:22:58'),
(42, 686517172, 70102030, NULL, NULL, NULL, NULL, NULL, NULL, NULL, NULL, NULL, NULL, NULL, NULL, NULL, NULL, '2023-08-07 12:23:47', '2023-08-07 12:23:47'),
(43, 1797294234, 70102030, 1735511, 'LBP', 1234, 1300, 0, 0, NULL, 156870, 0, 0, '20230800000079', 104.58, 158000, -170, '2023-08-07 12:26:16', '2023-08-07 12:26:21'),
(44, 982171802, 70102030, NULL, NULL, NULL, NULL, NULL, NULL, NULL, NULL, NULL, NULL, NULL, NULL, NULL, NULL, '2023-08-07 12:26:46', '2023-08-07 12:26:46'),
(45, 148694780, 70102030, 1735513, 'LBP', 1234, 1300, 0, 0, NULL, 156870, 0, 0, '20230800000081', 104.58, 158000, -170, '2023-08-07 12:27:11', '2023-08-07 12:27:16'),
(46, 1906044672, 70102030, 1735520, 'LBP', 1234, 1300, 0, 0, NULL, 156870, 0, 0, '20230800000082', 104.58, 158000, -170, '2023-08-07 14:45:31', '2023-08-07 14:45:36'),
(47, 1487629885, 70102030, 1735522, 'LBP', 1234, 1300, 0, 0, NULL, 156870, 0, 0, '20230800000084', 104.58, 158000, -170, '2023-08-07 14:53:07', '2023-08-07 14:53:11'),
(48, 1256376058, 70102030, NULL, NULL, NULL, NULL, NULL, NULL, NULL, NULL, NULL, NULL, NULL, NULL, NULL, NULL, '2023-08-07 14:59:36', '2023-08-07 14:59:36'),
(49, 678031388, 70102030, NULL, NULL, NULL, NULL, NULL, NULL, NULL, NULL, NULL, NULL, NULL, NULL, NULL, NULL, '2023-08-07 15:02:09', '2023-08-07 15:02:09'),
(50, 1248400323, 70102030, NULL, NULL, NULL, NULL, NULL, NULL, NULL, NULL, NULL, NULL, NULL, NULL, NULL, NULL, '2023-08-07 15:03:11', '2023-08-07 15:03:11'),
(51, 115734973, 70102030, NULL, NULL, NULL, NULL, NULL, NULL, NULL, NULL, NULL, NULL, NULL, NULL, NULL, NULL, '2023-08-07 15:04:45', '2023-08-07 15:04:45'),
(52, 553555806, 70102030, NULL, NULL, NULL, NULL, NULL, NULL, NULL, NULL, NULL, NULL, NULL, NULL, NULL, NULL, '2023-08-07 15:05:15', '2023-08-07 15:05:15'),
(53, 1791822498, 70102030, 1735524, 'LBP', 1234, 1300, 0, 0, NULL, 156870, 0, 0, '20230800000086', 104.58, 158000, -170, '2023-08-07 15:11:45', '2023-08-07 15:11:49'),
(54, 1982165077, 70102030, 1735529, 'LBP', 1234, 1300, 0, 0, NULL, 156870, 0, 0, '20230800000089', 104.58, 158000, -170, '2023-08-08 09:51:57', '2023-08-08 09:52:04'),
(55, 1911260940, 70102030, 1735532, 'LBP', 1234, 1300, 0, 0, NULL, 156870, 0, 0, '20230800000092', 104.58, 158000, -170, '2023-08-08 10:16:39', '2023-08-08 10:16:43'),
(56, 181677588, 70102030, 1735534, 'LBP', 1234, 1300, 0, 0, NULL, 156870, 0, 0, '20230800000094', 104.58, 158000, -170, '2023-08-08 10:19:51', '2023-08-08 10:19:56'),
(57, 823402523, 70102030, 1735535, 'LBP', 1234, 1300, 0, 0, NULL, 156870, 0, 0, '20230800000095', 104.58, 158000, -170, '2023-08-08 10:28:24', '2023-08-08 10:28:29'),
(58, 754814662, 70102030, 1735536, 'LBP', 1234, 1300, 0, 0, NULL, 156870, 0, 0, '20230800000096', 104.58, 158000, -170, '2023-08-08 10:31:22', '2023-08-08 10:31:27'),
(59, 1984949955, 70102030, 1735537, 'LBP', 1234, 1300, 0, 0, NULL, 156870, 0, 0, '20230800000097', 104.58, 158000, -170, '2023-08-08 10:32:44', '2023-08-08 10:32:49'),
(60, 587474413, 70102030, 1735538, 'LBP', 1234, 1300, 0, 0, NULL, 156870, 0, 0, '20230800000098', 104.58, 158000, -170, '2023-08-08 10:33:17', '2023-08-08 10:33:21'),
(61, 2128569468, 70102030, 1735544, 'LBP', 1234, 1300, 0, 0, NULL, 156870, 0, 0, '20230800000103', 104.58, 158000, -170, '2023-08-08 10:56:21', '2023-08-08 10:56:26'),
(62, 12764003, 70102030, NULL, NULL, NULL, NULL, NULL, NULL, NULL, NULL, NULL, NULL, NULL, NULL, NULL, NULL, '2023-08-08 11:10:46', '2023-08-08 11:10:46'),
(63, 411070842, 70102030, 1735546, 'LBP', 1234, 1300, 0, 0, NULL, 156870, 0, 0, '20230800000105', 104.58, 158000, -170, '2023-08-08 11:11:52', '2023-08-08 11:12:30'),
(64, 112540792, 70102030, 1735561, 'LBP', 1234, 1300, 0, 0, NULL, 156870, 0, 0, '20230800000120', 104.58, 158000, -170, '2023-08-08 12:27:48', '2023-08-08 12:27:54'),
(65, 1736144973, 70102030, 1735562, 'LBP', 1234, 1300, 0, 0, NULL, 156870, 0, 0, '20230800000121', 104.58, 158000, -170, '2023-08-08 12:33:53', '2023-08-08 12:33:57'),
(66, 2055354174, 70102030, 1735563, 'LBP', 1234, 1300, 0, 0, NULL, 156870, 0, 0, '20230800000122', 104.58, 158000, -170, '2023-08-08 12:55:40', '2023-08-08 12:58:22'),
(67, 166996929, 70102030, NULL, NULL, NULL, NULL, NULL, NULL, NULL, NULL, NULL, NULL, NULL, NULL, NULL, NULL, '2023-08-08 13:17:17', '2023-08-08 13:17:17'),
(68, 697930203, 70102030, 1735565, 'LBP', 1234, 1300, 0, 0, NULL, 156870, 0, 0, '20230800000124', 104.58, 158000, -170, '2023-08-08 13:17:38', '2023-08-08 13:17:42'),
(69, 1491772753, 70102030, NULL, NULL, NULL, NULL, NULL, NULL, NULL, NULL, NULL, NULL, NULL, NULL, NULL, NULL, '2023-08-08 13:35:21', '2023-08-08 13:35:21'),
(70, 113899013, 70102030, 1735566, 'LBP', 1234, 1300, 0, 0, NULL, 156870, 0, 0, '20230800000125', 104.58, 158000, -170, '2023-08-08 14:35:18', '2023-08-08 14:35:27'),
(71, 2107492927, 70102030, 1735567, 'LBP', 1234, 1300, 0, 0, NULL, 156870, 0, 0, '20230800000126', 104.58, 158000, -170, '2023-08-08 14:39:50', '2023-08-08 14:39:55'),
(72, 1240033341, 70102030, 1735568, 'LBP', 1234, 1300, 0, 0, NULL, 156870, 0, 0, '20230800000127', 104.58, 158000, -170, '2023-08-08 14:44:22', '2023-08-08 14:44:26'),
(73, 300806384, 70102030, 1735569, 'LBP', 1234, 1300, 0, 0, NULL, 156870, 0, 0, '20230800000128', 104.58, 158000, -170, '2023-08-08 14:47:14', '2023-08-08 14:47:24'),
(74, 840783668, 70102030, 1735570, 'LBP', 1234, 1300, 0, 0, NULL, 156870, 0, 0, '20230800000129', 104.58, 158000, -170, '2023-08-08 14:49:44', '2023-08-08 14:49:50'),
(75, 367601376, 70102030, NULL, NULL, NULL, NULL, NULL, NULL, NULL, NULL, NULL, NULL, NULL, NULL, NULL, NULL, '2023-08-08 14:52:56', '2023-08-08 14:52:56'),
(76, 389744907, 70102030, NULL, NULL, NULL, NULL, NULL, NULL, NULL, NULL, NULL, NULL, NULL, NULL, NULL, NULL, '2023-08-08 14:54:53', '2023-08-08 14:54:53'),
(77, 1844282102, 70102030, NULL, NULL, NULL, NULL, NULL, NULL, NULL, NULL, NULL, NULL, NULL, NULL, NULL, NULL, '2023-08-08 14:56:47', '2023-08-08 14:56:47'),
(78, 1891852703, 70102030, NULL, NULL, NULL, NULL, NULL, NULL, NULL, NULL, NULL, NULL, NULL, NULL, NULL, NULL, '2023-08-08 14:58:36', '2023-08-08 14:58:36'),
(79, 1485726921, 70102030, NULL, NULL, NULL, NULL, NULL, NULL, NULL, NULL, NULL, NULL, NULL, NULL, NULL, NULL, '2023-08-08 15:00:58', '2023-08-08 15:00:58'),
(80, 1188020853, 70102030, NULL, NULL, NULL, NULL, NULL, NULL, NULL, NULL, NULL, NULL, NULL, NULL, NULL, NULL, '2023-08-08 15:02:00', '2023-08-08 15:02:00'),
(81, 1794111417, 70102030, NULL, NULL, NULL, NULL, NULL, NULL, NULL, NULL, NULL, NULL, NULL, NULL, NULL, NULL, '2023-08-08 15:09:24', '2023-08-08 15:09:24'),
(82, 1665080086, 70102030, NULL, NULL, NULL, NULL, NULL, NULL, NULL, NULL, NULL, NULL, NULL, NULL, NULL, NULL, '2023-08-08 15:10:16', '2023-08-08 15:10:16'),
(83, 1737056939, 70102030, NULL, NULL, NULL, NULL, NULL, NULL, NULL, NULL, NULL, NULL, NULL, NULL, NULL, NULL, '2023-08-08 15:12:14', '2023-08-08 15:12:14'),
(84, 841623262, 70102030, NULL, NULL, NULL, NULL, NULL, NULL, NULL, NULL, NULL, NULL, NULL, NULL, NULL, NULL, '2023-08-08 15:12:43', '2023-08-08 15:12:43'),
(85, 1527055283, 70102030, NULL, NULL, NULL, NULL, NULL, NULL, NULL, NULL, NULL, NULL, NULL, NULL, NULL, NULL, '2023-08-08 15:16:54', '2023-08-08 15:16:54'),
(86, 80744590, 70102030, NULL, NULL, NULL, NULL, NULL, NULL, NULL, NULL, NULL, NULL, NULL, NULL, NULL, NULL, '2023-08-08 15:18:58', '2023-08-08 15:18:58'),
(87, 2137114795, 70102030, 1735571, 'LBP', 1234, 1300, 0, 0, NULL, 156870, 0, 0, '20230800000130', 104.58, 158000, -170, '2023-08-08 15:19:35', '2023-08-08 15:19:40'),
(88, 1565405511, 70102030, 1735572, 'LBP', 1234, 1300, 0, 0, NULL, 156870, 0, 0, '20230800000131', 104.58, 158000, -170, '2023-08-08 15:21:40', '2023-08-08 15:21:43'),
(89, 385409486, 70102030, 1735573, 'LBP', 1234, 1300, 0, 0, NULL, 156870, 0, 0, '20230800000132', 104.58, 158000, -170, '2023-08-08 15:23:16', '2023-08-08 15:23:20'),
(90, 997489783, 70102030, 1735574, 'LBP', 1234, 1300, 0, 0, NULL, 156870, 0, 0, '20230800000133', 104.58, 158000, -170, '2023-08-08 15:26:04', '2023-08-08 15:26:08'),
(91, 2128271803, 70102030, 1735575, 'LBP', 1234, 1300, 0, 0, NULL, 156870, 0, 0, '20230800000134', 104.58, 158000, -170, '2023-08-08 16:30:52', '2023-08-08 16:30:59'),
(92, 63489295, 70102030, 1735584, 'LBP', 1234, 1300, 0, 0, NULL, 156870, 0, 0, '20230800000142', 104.58, 158000, -170, '2023-08-09 10:17:00', '2023-08-09 10:17:07'),
(93, 1498737164, 70102030, 1735585, 'LBP', 1234, 1300, 0, 0, NULL, 156870, 0, 0, '20230800000143', 104.58, 158000, -170, '2023-08-09 10:40:26', '2023-08-09 10:40:48'),
(94, 174821749, 70102030, 1735586, 'LBP', 1234, 1300, 0, 0, NULL, 156870, 0, 0, '20230800000144', 104.58, 158000, -170, '2023-08-09 10:59:37', '2023-08-09 10:59:41'),
(95, 1258610875, 70102030, NULL, NULL, NULL, NULL, NULL, NULL, NULL, NULL, NULL, NULL, NULL, NULL, NULL, NULL, '2023-08-09 12:59:51', '2023-08-09 12:59:51'),
(96, 121921616, 70102030, 1735590, 'LBP', 1234, 1300, 0, 0, NULL, 156870, 0, 0, '20230800000148', 104.58, 158000, -170, '2023-08-09 15:25:23', '2023-08-09 15:25:27'),
(97, 60326966, 70102030, 1735593, 'LBP', 1234, 1300, 0, 0, NULL, 156870, 0, 0, '20230800000151', 104.58, 158000, -170, '2023-08-09 15:35:36', '2023-08-09 15:35:40'),
(98, 1117333992, 70102030, 1735609, 'LBP', 1234, 1300, 0, 0, NULL, 156870, 0, 0, '20230800000164', 104.58, 158000, -170, '2023-08-10 12:17:54', '2023-08-10 12:18:03'),
(99, 1901140128, 70102030, 1735610, 'LBP', 1234, 1300, 0, 0, NULL, 156870, 0, 0, '20230800000165', 104.58, 158000, -170, '2023-08-10 12:19:28', '2023-08-10 12:19:32'),
(100, 2122284160, 70102030, 1735611, 'LBP', 1234, 1300, 0, 0, NULL, 156870, 0, 0, '20230800000166', 104.58, 158000, -170, '2023-08-10 12:22:28', '2023-08-10 12:22:33'),
(101, 2137936415, 70102030, 1735653, 'LBP', 1234, 1300, 0, 0, NULL, 156870, 0, 0, '20230800000208', 104.58, 158000, -170, '2023-08-11 12:01:09', '2023-08-11 12:01:13'),
(102, 219554753, 70102030, 1735654, 'LBP', 1234, 1300, 0, 0, NULL, 156870, 0, 0, '20230800000209', 104.58, 158000, -170, '2023-08-11 12:02:51', '2023-08-11 12:02:56'),
(103, 1590335286, 70102030, 1735655, 'LBP', 1234, 1300, 0, 0, NULL, 156870, 0, 0, '20230800000210', 104.58, 158000, -170, '2023-08-11 12:05:03', '2023-08-11 12:05:11'),
(104, 1437938972, 70102030, 1735656, 'LBP', 1234, 1300, 0, 0, NULL, 156870, 0, 0, '20230800000211', 104.58, 158000, -170, '2023-08-11 12:06:19', '2023-08-11 12:06:24'),
(105, 1837203181, 70102030, 1735657, 'LBP', 1234, 1300, 0, 0, NULL, 156870, 0, 0, '20230800000212', 104.58, 158000, -170, '2023-08-11 12:06:50', '2023-08-11 12:06:54'),
(106, 1975030599, 70102030, NULL, NULL, NULL, NULL, NULL, NULL, NULL, NULL, NULL, NULL, NULL, NULL, NULL, NULL, '2023-08-11 12:56:30', '2023-08-11 12:56:30'),
(107, 1841907673, 70102030, 1735678, 'LBP', 1234, 1300, 0, 0, NULL, 156870, 0, 0, '20230800000233', 104.58, 158000, -170, '2023-08-11 13:17:39', '2023-08-11 13:17:58'),
(108, 2014789460, 70102030, 1735685, 'LBP', 1234, 1300, 0, 0, NULL, 156870, 0, 0, '20230800000240', 104.58, 158000, -170, '2023-08-11 14:05:54', '2023-08-11 14:06:03'),
(109, 1664624382, 70102030, 1735691, 'LBP', 1234, 1300, 0, 0, NULL, 156870, 0, 0, '20230800000246', 104.58, 158000, -170, '2023-08-11 14:06:59', '2023-08-11 14:07:14'),
(110, 1755818146, 70102030, NULL, NULL, NULL, NULL, NULL, NULL, NULL, NULL, NULL, NULL, NULL, NULL, NULL, NULL, '2023-08-14 10:26:27', '2023-08-14 10:26:27'),
(111, 1447452887, 70102030, NULL, NULL, NULL, NULL, NULL, NULL, NULL, NULL, NULL, NULL, NULL, NULL, NULL, NULL, '2023-08-14 10:39:39', '2023-08-14 10:39:39'),
(112, 541137944, 70102030, 1735761, 'LBP', 1234, 1300, 0, 0, 1300, 156870, 0, 0, '20230800000306', 104.58, 158000, -170, '2023-08-14 11:07:15', '2023-08-14 11:07:21'),
(113, 645068434, 70102030, 1735762, 'LBP', 1234, 1300, 0, 0, 1300, 156870, 0, 0, '20230800000307', 104.58, 158000, -170, '2023-08-14 11:09:49', '2023-08-14 11:09:55'),
(114, 205746541, 70102030, 1735763, 'LBP', 1234, 1300, 0, 0, 1300, 156870, 0, 0, '20230800000308', 104.58, 158000, -170, '2023-08-14 11:21:45', '2023-08-14 11:21:52'),
(115, 756222624, 70102030, 1735775, 'LBP', 1234, 1300, 0, 0, 1300, 156870, 0, 0, '20230800000316', 104.58, 158000, -170, '2023-08-16 10:00:46', '2023-08-16 10:00:55'),
(116, 392278916, 70102030, 1735776, 'LBP', 1234, 1300, 0, 0, 1300, 156870, 0, 0, '20230800000317', 104.58, 158000, -170, '2023-08-16 10:14:13', '2023-08-16 10:14:17');

-- --------------------------------------------------------

--
-- Table structure for table `prepaid`
--

CREATE TABLE `prepaid` (
  `id` int(11) NOT NULL,
  `suyoolUserId` int(11) NOT NULL,
  `voucherSerial` varchar(100) NOT NULL,
  `voucherCode` varchar(100) NOT NULL,
  `voucherExpiry` varchar(40) NOT NULL,
  `description` varchar(100) NOT NULL,
  `displayMessage` text NOT NULL,
  `token` varchar(100) NOT NULL,
  `balance` int(11) NOT NULL,
  `errorMsg` varchar(255) NOT NULL,
  `insertId` int(11) DEFAULT NULL,
  `create_date` datetime NOT NULL DEFAULT current_timestamp(),
  `update_date` datetime NOT NULL DEFAULT current_timestamp() ON UPDATE current_timestamp()
) ENGINE=InnoDB DEFAULT CHARSET=utf8mb4 COLLATE=utf8mb4_general_ci;

--
-- Dumping data for table `prepaid`
--

INSERT INTO `prepaid` (`id`, `suyoolUserId`, `voucherSerial`, `voucherCode`, `voucherExpiry`, `description`, `displayMessage`, `token`, `balance`, `errorMsg`, `insertId`, `create_date`, `update_date`) VALUES
(11, 89, '2147483647', '2147483647', '2024-07-01', '3.38$ 13 Days', 'You have successfully purchased a \'3.38$ 13 Days\' Voucher code. Please recharge it using the code 12345678901234 before 2024-07-01', 'f13991f3-a3eb-4242-9d3a-3c066259148a', 97095000, 'SUCCESS', NULL, '2023-07-26 12:35:55', '2023-07-26 12:35:55'),
(12, 89, '2147483647', '2147483647', '2024-07-01', '3.38$ 13 Days', 'You have successfully purchased a \'3.38$ 13 Days\' Voucher code. Please recharge it using the code 12345678901234 before 2024-07-01', '8b16e9e0-ce59-4b79-8196-7c60f87c9a78', 96640000, 'SUCCESS', NULL, '2023-07-27 11:26:21', '2023-07-27 11:26:21'),
(13, 89, '2147483647', '2147483647', '2024-07-01', '3.38$ 13 Days', 'You have successfully purchased a \'3.38$ 13 Days\' Voucher code. Please recharge it using the code 12345678901234 before 2024-07-01', 'b262c44b-e411-40f5-b06f-55d21be08ca7', 96640000, 'SUCCESS', NULL, '2023-07-28 13:10:39', '2023-07-28 13:10:39'),
(14, 89, '2147483647', '2147483647', '2024-07-01', '3.38$ 13 Days', 'You have successfully purchased a \'3.38$ 13 Days\' Voucher code. Please recharge it using the code 12345678901234 before 2024-07-01', '13b442ba-88d4-483a-bf81-469f1199cb5e', 96640000, 'SUCCESS', NULL, '2023-07-28 13:21:19', '2023-07-28 13:21:19'),
(15, 89, '2147483647', '2147483647', '2024-07-01', '3.38$ 13 Days', 'You have successfully purchased a \'3.38$ 13 Days\' Voucher code. Please recharge it using the code 12345678901234 before 2024-07-01', '0cc583af-8a53-442e-a8df-9d9d6ca33af1', 96640000, 'SUCCESS', NULL, '2023-07-28 13:29:54', '2023-07-28 13:29:54'),
(16, 89, '2147483647', '2147483647', '2024-07-01', '3.38$ 13 Days', 'You have successfully purchased a \'3.38$ 13 Days\' Voucher code. Please recharge it using the code 12345678901234 before 2024-07-01', '47c4bb2e-9575-48c7-90d6-e4fc69b38e54', 96640000, 'SUCCESS', NULL, '2023-07-28 16:23:02', '2023-07-28 16:23:02'),
(17, 89, '2147483647', '2147483647', '2024-07-01', '3.38$ 13 Days', 'You have successfully purchased a \'3.38$ 13 Days\' Voucher code. Please recharge it using the code 12345678901234 before 2024-07-01', '9d00d1aa-4f73-47df-bc02-a40e15080887', 96640000, 'SUCCESS', NULL, '2023-07-31 13:44:14', '2023-07-31 13:44:14'),
(18, 89, '2147483647', '2147483647', '2024-07-01', '3.38$ 13 Days', 'You have successfully purchased a \'3.38$ 13 Days\' Voucher code. Please recharge it using the code 12345678901234 before 2024-07-01', 'e5a77e39-5eb5-4f67-b273-f1b2720e4667', 96640000, 'SUCCESS', NULL, '2023-07-31 13:44:19', '2023-07-31 13:44:19'),
(19, 89, '2147483647', '2147483647', '2024-07-01', '3.38$ 13 Days', 'You have successfully purchased a \'3.38$ 13 Days\' Voucher code. Please recharge it using the code 12345678901234 before 2024-07-01', 'dad5db3e-382c-42e8-9f6f-e7ab4e5ea68f', 96640000, 'SUCCESS', NULL, '2023-07-31 14:29:28', '2023-07-31 14:29:28'),
(20, 89, '2147483647', '2147483647', '2024-07-01', '3.38$ 13 Days', 'You have successfully purchased a \'3.38$ 13 Days\' Voucher code. Please recharge it using the code 12345678901234 before 2024-07-01', '4e011686-1578-4301-9b3d-ceb2304dc8df', 96640000, 'SUCCESS', NULL, '2023-07-31 15:27:17', '2023-07-31 15:27:17'),
(21, 155, '1234567890123456', '12345678901234', '2024-07-01', '3.38$ 13 Days', 'You have successfully purchased a \'3.38$ 13 Days\' Voucher code. Please recharge it using the code 12345678901234 before 2024-07-01', '219128bc-83e0-4f3f-b3de-38161d8ac901', 96640000, 'SUCCESS', NULL, '2023-07-31 16:12:49', '2023-07-31 16:12:49'),
(22, 89, '1234567890123456', '12345678901234', '2024-07-01', '3.38$ 13 Days', 'You have successfully purchased a \'3.38$ 13 Days\' Voucher code. Please recharge it using the code 12345678901234 before 2024-07-01', '0a30140a-44ec-4461-a631-fe58cef5f5ef', 96640000, 'SUCCESS', NULL, '2023-08-01 11:06:34', '2023-08-01 11:06:34'),
(23, 89, '1234567890123456', '12345678901234', '2024-07-01', '3.38$ 13 Days', 'You have successfully purchased a \'3.38$ 13 Days\' Voucher code. Please recharge it using the code 12345678901234 before 2024-07-01', 'fbd8693f-b0a4-4827-af7c-3b8fd1a1eee2', 96535000, 'SUCCESS', NULL, '2023-08-01 15:41:57', '2023-08-01 15:41:57'),
(24, 89, '1234567890123456', '12345678901234', '2024-07-01', '3.38$ 13 Days', 'You have successfully purchased a \'3.38$ 13 Days\' Voucher code. Please recharge it using the code 12345678901234 before 2024-07-01', '2ee952ea-c46e-481b-b28f-05d4b892a3e1', 96535000, 'SUCCESS', NULL, '2023-08-07 11:48:09', '2023-08-07 11:48:09'),
(25, 89, '1234567890123456', '12345678901234', '2024-07-01', '3.38$ 13 Days', 'You have successfully purchased a \'3.38$ 13 Days\' Voucher code. Please recharge it using the code 12345678901234 before 2024-07-01', 'a7a645ad-0bf0-4f63-ae56-45d784ffc81f', 96535000, 'SUCCESS', NULL, '2023-08-08 10:20:49', '2023-08-08 10:20:49'),
(26, 89, '1234567890123456', '12345678901234', '2024-07-01', '3.38$ 13 Days', 'You have successfully purchased a \'3.38$ 13 Days\' Voucher code. Please recharge it using the code 12345678901234 before 2024-07-01', 'c29ce889-41e0-4462-b9e2-dde5587ddee8', 96535000, 'SUCCESS', NULL, '2023-08-08 10:20:49', '2023-08-08 10:20:49'),
(27, 89, '1234567890123456', '12345678901234', '2024-07-01', '3.38$ 13 Days', 'You have successfully purchased a \'3.38$ 13 Days\' Voucher code. Please recharge it using the code 12345678901234 before 2024-07-01', 'ebcdbdad-80f5-4d1a-919e-cfdacfe71514', 96535000, 'SUCCESS', NULL, '2023-08-08 10:58:25', '2023-08-08 10:58:25'),
(28, 89, '1234567890123456', '12345678901234', '2024-07-01', '3.38$ 13 Days', 'You have successfully purchased a \'3.38$ 13 Days\' Voucher code. Please recharge it using the code 12345678901234 before 2024-07-01', '4cf0af35-4b0d-43c6-94b2-5bcd1639623c', 96535000, 'SUCCESS', NULL, '2023-08-08 11:27:50', '2023-08-08 11:27:50'),
(29, 89, '1234567890123456', '12345678901234', '2024-07-01', '3.38$ 13 Days', 'You have successfully purchased a \'3.38$ 13 Days\' Voucher code. Please recharge it using the code 12345678901234 before 2024-07-01', '34738343-968a-408b-acba-356955e53e51', 96535000, 'SUCCESS', NULL, '2023-08-08 11:31:26', '2023-08-08 11:31:26'),
(30, 89, '1234567890123456', '12345678901234', '2024-07-01', '3.38$ 13 Days', 'You have successfully purchased a \'3.38$ 13 Days\' Voucher code. Please recharge it using the code 12345678901234 before 2024-07-01', 'c6fd5598-7443-49bf-a467-3bf31663b4ab', 96535000, 'SUCCESS', NULL, '2023-08-09 10:49:39', '2023-08-09 10:49:39'),
(31, 89, '1234567890123456', '12345678901234', '2024-07-01', '3.38$ 13 Days', 'You have successfully purchased a \'3.38$ 13 Days\' Voucher code. Please recharge it using the code 12345678901234 before 2024-07-01', '0f17bb30-5dbf-4035-8c60-c94d944730ec', 96535000, 'SUCCESS', NULL, '2023-08-09 10:53:45', '2023-08-09 10:53:45'),
(32, 89, '1234567890123456', '12345678901234', '2024-07-01', '3.38$ 13 Days', 'You have successfully purchased a \'3.38$ 13 Days\' Voucher code. Please recharge it using the code 12345678901234 before 2024-07-01', '6d01f504-16aa-4d5f-926e-e321c6050fd5', 96535000, 'SUCCESS', NULL, '2023-08-09 10:58:36', '2023-08-09 10:58:36'),
(33, 89, '1234567890123456', '12345678901234', '2024-07-01', '3.38$ 13 Days', 'You have successfully purchased a \'3.38$ 13 Days\' Voucher code. Please recharge it using the code 12345678901234 before 2024-07-01', 'a2af2d9d-c0a4-4613-b3a2-8d0a98684528', 96535000, 'SUCCESS', NULL, '2023-08-09 11:02:23', '2023-08-09 11:02:23'),
(34, 89, '1234567890123456', '12345678901234', '2024-07-01', '3.38$ 13 Days', 'You have successfully purchased a \'3.38$ 13 Days\' Voucher code. Please recharge it using the code 12345678901234 before 2024-07-01', 'ed1dc60f-3da8-4d67-9603-8c52be41a38d', 96535000, 'SUCCESS', NULL, '2023-08-09 11:21:50', '2023-08-09 11:21:50'),
(35, 89, '1234567890123456', '12345678901234', '2024-07-01', '3.38$ 13 Days', 'You have successfully purchased a \'3.38$ 13 Days\' Voucher code. Please recharge it using the code 12345678901234 before 2024-07-01', '0c3139fd-cdcd-4ccd-a1dc-2a8b5b78c807', 95870000, 'SUCCESS', NULL, '2023-08-09 15:25:57', '2023-08-09 15:25:57'),
(36, 89, '1234567890123456', '12345678901234', '2024-07-01', '3.38$ 13 Days', 'You have successfully purchased a \'3.38$ 13 Days\' Voucher code. Please recharge it using the code 12345678901234 before 2024-07-01', '57f81f8f-58b5-43ae-a965-2b184d7ee505', 95770000, 'SUCCESS', NULL, '2023-08-11 12:47:00', '2023-08-11 12:47:00'),
(37, 89, '1234567890123456', '12345678901234', '2024-07-01', '3.38$ 13 Days', 'You have successfully purchased a \'3.38$ 13 Days\' Voucher code. Please recharge it using the code 12345678901234 before 2024-07-01', 'd7999a2b-c4b9-4eb9-abda-0d39470fda30', 95770000, 'SUCCESS', NULL, '2023-08-11 12:47:43', '2023-08-11 12:47:43'),
(38, 89, '1234567890123456', '12345678901234', '2024-07-01', '3.38$ 13 Days', 'You have successfully purchased a \'3.38$ 13 Days\' Voucher code. Please recharge it using the code 12345678901234 before 2024-07-01', '300fa12a-0ce5-4cc0-96f8-c9f90bb3ad56', 95770000, 'SUCCESS', NULL, '2023-08-11 13:39:35', '2023-08-11 13:39:35'),
(39, 89, '1234567890123456', '12345678901234', '2024-07-01', '3.38$ 13 Days', 'You have successfully purchased a \'3.38$ 13 Days\' Voucher code. Please recharge it using the code 12345678901234 before 2024-07-01', 'fbfbade2-e080-4706-b7b8-12041d84cb72', 95770000, 'SUCCESS', NULL, '2023-08-11 13:41:04', '2023-08-11 13:41:04'),
(40, 89, '1234567890123456', '12345678901234', '2024-07-01', '3.38$ 13 Days', 'You have successfully purchased a \'3.38$ 13 Days\' Voucher code. Please recharge it using the code 12345678901234 before 2024-07-01', '053e594a-6545-4691-bcae-5d61e98971f4', 95770000, 'SUCCESS', NULL, '2023-08-11 13:44:44', '2023-08-11 13:44:44'),
(41, 89, '1234567890123456', '12345678901234', '2024-07-01', '3.38$ 13 Days', 'You have successfully purchased a \'3.38$ 13 Days\' Voucher code. Please recharge it using the code 12345678901234 before 2024-07-01', '87266d15-6b4d-4fa5-bfc2-a2a62e5be40b', 95770000, 'SUCCESS', NULL, '2023-08-11 13:44:54', '2023-08-11 13:44:54'),
(42, 89, '1234567890123456', '12345678901234', '2024-07-01', '3.38$ 13 Days', 'You have successfully purchased a \'3.38$ 13 Days\' Voucher code. Please recharge it using the code 12345678901234 before 2024-07-01', '2a35f070-bff3-48a2-bc50-83a0412507dd', 95770000, 'SUCCESS', NULL, '2023-08-11 13:45:18', '2023-08-11 13:45:18'),
(43, 89, '1234567890123456', '12345678901234', '2024-07-01', '3.38$ 13 Days', 'You have successfully purchased a \'3.38$ 13 Days\' Voucher code. Please recharge it using the code 12345678901234 before 2024-07-01', '39e4e859-f7c8-4bb7-9b54-6baa9ae79d1d', 95770000, 'SUCCESS', NULL, '2023-08-11 13:48:01', '2023-08-11 13:48:01'),
(44, 89, '1234567890123456', '12345678901234', '2024-07-01', '3.38$ 13 Days', 'You have successfully purchased a \'3.38$ 13 Days\' Voucher code. Please recharge it using the code 12345678901234 before 2024-07-01', 'b0153f4d-37bd-4ac5-9c00-8dcbbb8050b3', 95720000, 'SUCCESS', NULL, '2023-08-11 14:44:11', '2023-08-11 14:44:11'),
(45, 89, '1234567890123456', '12345678901234', '2024-07-01', '3.38$ 13 Days', 'You have successfully purchased a \'3.38$ 13 Days\' Voucher code. Please recharge it using the code 12345678901234 before 2024-07-01', 'f9198cde-708f-402d-b48c-3141c8fb9247', 95720000, 'SUCCESS', NULL, '2023-08-11 14:44:28', '2023-08-11 14:44:28');

--
-- Indexes for dumped tables
--

--
-- Indexes for table `logs`
--
ALTER TABLE `logs`
  ADD PRIMARY KEY (`id`);

--
-- Indexes for table `orders`
--
ALTER TABLE `orders`
  ADD PRIMARY KEY (`id`),
  ADD UNIQUE KEY `prepaid_id` (`prepaid_id`),
  ADD UNIQUE KEY `postpaid_id` (`postpaid_id`);

--
-- Indexes for table `postpaid`
--
ALTER TABLE `postpaid`
  ADD PRIMARY KEY (`id`);

--
-- Indexes for table `postpaidrequest`
--
ALTER TABLE `postpaidrequest`
  ADD PRIMARY KEY (`id`);

--
-- Indexes for table `prepaid`
--
ALTER TABLE `prepaid`
  ADD PRIMARY KEY (`id`);

--
-- AUTO_INCREMENT for dumped tables
--

--
-- AUTO_INCREMENT for table `logs`
--
ALTER TABLE `logs`
  MODIFY `id` int(11) NOT NULL AUTO_INCREMENT, AUTO_INCREMENT=13;

--
-- AUTO_INCREMENT for table `orders`
--
ALTER TABLE `orders`
  MODIFY `id` int(11) NOT NULL AUTO_INCREMENT, AUTO_INCREMENT=1244;

--
-- AUTO_INCREMENT for table `postpaid`
--
ALTER TABLE `postpaid`
  MODIFY `id` int(11) NOT NULL AUTO_INCREMENT, AUTO_INCREMENT=42;

--
-- AUTO_INCREMENT for table `postpaidrequest`
--
ALTER TABLE `postpaidrequest`
  MODIFY `id` int(11) NOT NULL AUTO_INCREMENT, AUTO_INCREMENT=117;

--
-- AUTO_INCREMENT for table `prepaid`
--
ALTER TABLE `prepaid`
  MODIFY `id` int(11) NOT NULL AUTO_INCREMENT, AUTO_INCREMENT=46;
COMMIT;

/*!40101 SET CHARACTER_SET_CLIENT=@OLD_CHARACTER_SET_CLIENT */;
/*!40101 SET CHARACTER_SET_RESULTS=@OLD_CHARACTER_SET_RESULTS */;
/*!40101 SET COLLATION_CONNECTION=@OLD_COLLATION_CONNECTION */;
