-- phpMyAdmin SQL Dump
-- version 5.2.0
-- https://www.phpmyadmin.net/
--
-- Host: 127.0.0.1
-- Generation Time: Aug 02, 2023 at 05:01 PM
-- Server version: 10.4.24-MariaDB
-- PHP Version: 7.4.26

SET SQL_MODE = "NO_AUTO_VALUE_ON_ZERO";
START TRANSACTION;
SET time_zone = "+00:00";


/*!40101 SET @OLD_CHARACTER_SET_CLIENT=@@CHARACTER_SET_CLIENT */;
/*!40101 SET @OLD_CHARACTER_SET_RESULTS=@@CHARACTER_SET_RESULTS */;
/*!40101 SET @OLD_COLLATION_CONNECTION=@@COLLATION_CONNECTION */;
/*!40101 SET NAMES utf8mb4 */;

--
-- Database: `suyool_loto`
--

-- --------------------------------------------------------

--
-- Table structure for table `draws`
--

CREATE TABLE `draws` (
  `id` int(11) NOT NULL,
  `drawId` int(11) NOT NULL,
  `drawdate` datetime NOT NULL,
  `prize` varchar(30) NOT NULL,
  `zeedprize` varchar(30) NOT NULL,
  `create_date` datetime NOT NULL DEFAULT current_timestamp(),
  `update_date` datetime NOT NULL DEFAULT current_timestamp() ON UPDATE current_timestamp()
) ENGINE=InnoDB DEFAULT CHARSET=utf8mb4;

--
-- Dumping data for table `draws`
--

INSERT INTO `draws` (`id`, `drawId`, `drawdate`, `prize`, `zeedprize`, `create_date`, `update_date`) VALUES
(7, 2117, '2023-06-12 17:45:00', '15500000000', '400000000', '2023-06-09 11:28:44', '2023-07-05 16:29:45'),
(8, 2118, '2023-06-15 17:45:00', '17000000000', '100000000', '2023-06-14 07:29:59', '2023-07-05 16:29:45'),
(9, 2120, '2023-06-22 17:45:00', '20000000000', '100000000', '2023-06-20 15:59:20', '2023-07-05 16:29:45'),
(10, 2121, '2023-06-26 17:45:00', '7000000000', '100000000', '2023-06-23 08:08:48', '2023-07-05 16:29:45'),
(11, 2122, '2023-06-29 17:45:00', '8000000000', '100000000', '2023-06-27 14:03:14', '2023-07-05 16:29:45'),
(12, 2123, '2023-07-03 17:45:00', '9000000000', '400000000', '2023-07-03 10:41:27', '2023-07-05 16:29:45'),
(13, 2124, '2023-07-06 17:45:00', '10000000000', '100000000', '2023-07-05 08:33:12', '2023-07-05 16:29:45'),
(14, 2125, '2023-07-10 17:45:00', '11000000000', '100000000', '2023-07-07 06:57:48', '2023-07-07 06:57:48'),
(15, 2126, '2023-07-13 17:45:00', '13000000000', '400000000', '2023-07-11 08:23:00', '2023-07-11 08:23:00'),
(19, 2127, '2023-07-17 17:45:00', '15000000000', '100000000', '2023-07-17 09:18:00', '2023-07-17 09:18:00'),
(20, 2128, '2023-07-20 17:45:00', '16500000000', '100000000', '2023-07-18 09:43:11', '2023-07-18 09:43:11'),
(21, 2129, '2023-07-24 17:45:00', '18000000000', '100000000', '2023-07-21 08:01:44', '2023-07-21 08:01:44'),
(26, 2130, '2023-07-27 17:45:00', '19000000000', '100000000', '2023-07-25 15:04:25', '2023-07-28 09:08:12'),
(28, 2131, '2023-07-31 17:45:00', '21500000000', '100000000', '2023-07-28 10:22:03', '2023-07-28 10:22:03'),
(40, 2132, '2023-08-03 17:45:00', '23500000000', '400000000', '2023-08-02 09:27:41', '2023-08-02 09:27:41');

-- --------------------------------------------------------

--
-- Table structure for table `loto`
--

CREATE TABLE `loto` (
  `id` int(11) NOT NULL,
  `order_id` int(11) NOT NULL,
  `ticketId` int(11) DEFAULT NULL,
  `drawNumber` int(11) NOT NULL,
  `numdraws` int(11) NOT NULL,
  `withZeed` tinyint(4) NOT NULL COMMENT '1 if yes 0 if no',
  `bouquet` tinyint(4) NOT NULL,
  `gridSelected` text NOT NULL,
  `zeednumbers` text DEFAULT NULL,
  `price` int(11) NOT NULL,
  `currency` varchar(11) NOT NULL,
  `errorInfo` text DEFAULT NULL,
  `created` datetime NOT NULL DEFAULT current_timestamp(),
  `updated` datetime NOT NULL DEFAULT current_timestamp() ON UPDATE current_timestamp()
) ENGINE=InnoDB DEFAULT CHARSET=utf8mb4;

--
-- Dumping data for table `loto`
--

INSERT INTO `loto` (`id`, `order_id`, `ticketId`, `drawNumber`, `numdraws`, `withZeed`, `bouquet`, `gridSelected`, `zeednumbers`, `price`, `currency`, `errorInfo`, `created`, `updated`) VALUES
(211, 221, 5227340, 2131, 1, 1, 0, '7 11 31 24 4 19', '12345', 55000, 'LBP', NULL, '2023-07-28 15:45:00', '2023-08-02 11:28:44'),
(212, 221, 5227340, 2131, 1, 1, 0, '29 7 42 9 31 35', '12345', 55000, 'LBP', NULL, '2023-07-28 00:00:00', '2023-08-02 11:28:48'),
(213, 221, 0, 2131, 1, 0, 0, '39 35 21 24 41 10|7 34 29 15 32 9', NULL, 100000, 'LBP', '{\"errorCode\":2,\"errorMsg\":\"Token has expired. Please Login Again\"}', '2023-07-28 13:28:57', '2023-08-02 11:29:07'),
(214, 222, 5227340, 2131, 1, 1, 0, '21 36 5 22 38 24', '12345', 55000, 'LBP', NULL, '2023-07-31 15:13:57', '2023-07-31 15:31:23'),
(215, 222, 5227340, 2131, 1, 1, 0, '22 20 1 31 18 5', '12345', 55000, 'LBP', NULL, '2023-07-31 15:13:57', '2023-07-31 15:31:24'),
(216, 222, 0, 2131, 1, 0, 0, '36 12 22 16 19 29|23 35 5 3 6 1', NULL, 100000, 'LBP', '{\"errorCode\":2,\"errorMsg\":\"Token has expired. Please Login Again\"}', '2023-07-31 15:13:57', '2023-07-31 15:18:00'),
(217, 223, 0, 2131, 1, 1, 0, '4 26 18 14 20 36', NULL, 55000, 'LBP', NULL, '2023-07-31 15:34:02', '2023-07-31 15:34:02'),
(218, 223, 0, 2131, 1, 1, 0, '3 28 33 24 21 39', NULL, 55000, 'LBP', NULL, '2023-07-31 15:34:02', '2023-07-31 15:34:02'),
(219, 223, 0, 2131, 1, 0, 0, '19 6 14 18 27 1|9 39 36 34 38 30', NULL, 100000, 'LBP', NULL, '2023-07-31 15:34:02', '2023-07-31 15:34:02'),
(220, 224, 5227340, 2131, 1, 1, 0, '4 26 18 14 20 36', '12345', 55000, 'LBP', NULL, '2023-07-31 15:40:40', '2023-07-31 15:40:59'),
(221, 224, 5227340, 2131, 1, 1, 0, '3 28 33 24 21 39', '12345', 55000, 'LBP', NULL, '2023-07-31 15:40:40', '2023-07-31 15:41:00'),
(222, 224, 0, 2131, 1, 0, 0, '19 6 14 18 27 1|9 39 36 34 38 30', NULL, 100000, 'LBP', '{\"errorCode\":2,\"errorMsg\":\"Token has expired. Please Login Again\"}', '2023-07-31 15:40:40', '2023-07-31 15:41:20'),
(223, 225, 5227340, 2131, 1, 1, 0, '41 28 2 8 15 42', '12345', 55000, 'LBP', NULL, '2023-07-31 16:20:33', '2023-07-31 16:21:35'),
(224, 225, 0, 2131, 1, 0, 0, '9 36 11 1 13 5', NULL, 50000, 'LBP', '{\"errorCode\":2,\"errorMsg\":\"Token has expired. Please Login Again\"}', '2023-07-31 16:20:33', '2023-07-31 16:21:55'),
(225, 226, 5227340, 2131, 1, 1, 0, '12 26 22 1 38 24', '12345', 55000, 'LBP', NULL, '2023-07-28 00:00:00', '2023-08-02 10:43:01'),
(226, 226, 0, 2131, 1, 0, 0, '36 42 26 7 23 5', NULL, 50000, 'LBP', '{\"errorCode\":2,\"errorMsg\":\"Token has expired. Please Login Again\"}', '2023-07-28 00:00:00', '2023-08-02 10:43:05'),
(227, 227, 5227340, 2131, 1, 0, 1, '1 2 3 4 5 6', '12345', 50000, 'LBP', NULL, '2023-07-31 16:29:36', '2023-07-31 16:30:00'),
(246, 236, 5227340, 2132, 1, 1, 0, '25 27 37 26 35 18', '12345', 55000, 'LBP', NULL, '2023-08-01 11:15:16', '2023-08-01 11:17:52'),
(247, 236, 5227340, 2132, 1, 0, 0, '15 25 8 39 24 9|23 32 27 31 19 5', '12345', 100000, 'LBP', NULL, '2023-08-01 11:15:16', '2023-08-01 11:18:03'),
(248, 237, 0, 2132, 1, 1, 0, '25 27 37 26 35 18', NULL, 55000, 'LBP', '{\"errorCode\":2,\"errorMsg\":\"Token has expired. Please Login Again\"}', '2023-08-01 11:18:50', '2023-08-01 12:12:50'),
(249, 237, 5227340, 2132, 1, 0, 0, '15 25 8 39 24 9|23 32 27 31 19 5', '12345', 100000, 'LBP', NULL, '2023-08-01 11:18:50', '2023-08-01 12:12:51'),
(250, 238, 0, 2132, 1, 1, 0, '33 8 23 32 34 27', NULL, 55000, 'LBP', '{\"errorCode\":2,\"errorMsg\":\"Token has expired. Please Login Again\"}', '2023-08-01 13:11:54', '2023-08-01 13:12:54'),
(251, 238, 5227340, 2132, 1, 0, 0, '7 6 30 41 40 11', '12345', 50000, 'LBP', NULL, '2023-08-01 13:11:54', '2023-08-01 13:12:55'),
(252, 239, 0, 2132, 1, 1, 0, '26 8 11 3 36 23', NULL, 55000, 'LBP', '{\"errorCode\":2,\"errorMsg\":\"Token has expired. Please Login Again\"}', '2023-08-01 13:53:55', '2023-08-01 13:55:02'),
(253, 239, 5227340, 2132, 1, 0, 0, '30 40 31 42 18 35', '12345', 50000, 'LBP', NULL, '2023-08-01 13:53:55', '2023-08-01 13:55:03'),
(288, 251, 0, 2132, 1, 1, 1, 'B1', NULL, 55000, 'LBP', '{\"errorCode\":2,\"errorMsg\":\"Token has expired. Please Login Again\"}', '2023-08-01 15:48:30', '2023-08-01 15:49:41'),
(289, 251, 5227340, 2132, 1, 0, 0, '26 11 41 29 34 12', '12345', 50000, 'LBP', NULL, '2023-08-01 15:48:30', '2023-08-01 15:49:43'),
(290, 251, 5227340, 2132, 1, 0, 1, '1 2 3 4 5 6', '12345', 50000, 'LBP', NULL, '2023-08-01 15:48:30', '2023-08-01 15:49:45'),
(291, 252, 0, 2132, 1, 0, 0, '20 2 17 39 5 27', NULL, 50000, 'LBP', NULL, '2023-08-01 16:09:36', '2023-08-01 16:09:36'),
(292, 253, 0, 2132, 1, 0, 0, '20 2 17 39 5 27', NULL, 50000, 'LBP', NULL, '2023-08-01 16:10:23', '2023-08-01 16:10:23'),
(293, 254, 0, 2132, 1, 1, 0, '36 17 11 2 31 20', NULL, 55000, 'LBP', '{\"errorCode\":2,\"errorMsg\":\"Token has expired. Please Login Again\"}', '2023-08-02 11:04:46', '2023-08-02 11:05:32'),
(294, 254, 5227340, 2132, 1, 0, 0, '26 18 11 27 14 17', '12345', 50000, 'LBP', NULL, '2023-08-02 11:04:46', '2023-08-02 11:05:33'),
(295, 255, 0, 2132, 1, 1, 0, '5 17 3 31 32 36', NULL, 55000, 'LBP', '{\"errorCode\":2,\"errorMsg\":\"Token has expired. Please Login Again\"}', '2023-08-02 11:08:56', '2023-08-02 11:09:24'),
(296, 256, 0, 2132, 1, 1, 0, '33 26 18 10 32 28', NULL, 55000, 'LBP', '{\"errorCode\":2,\"errorMsg\":\"Token has expired. Please Login Again\"}', '2023-08-02 11:29:56', '2023-08-02 11:30:29');

-- --------------------------------------------------------

--
-- Table structure for table `orders`
--

CREATE TABLE `orders` (
  `id` int(11) NOT NULL,
  `suyoolUserId` int(11) NOT NULL,
  `status` enum('pending','held','purchased','completed','canceled') NOT NULL DEFAULT 'pending',
  `amount` int(50) DEFAULT NULL,
  `transId` int(11) DEFAULT NULL,
  `currency` varchar(11) DEFAULT NULL,
  `created` datetime NOT NULL DEFAULT current_timestamp(),
  `updated` datetime NOT NULL DEFAULT current_timestamp() ON UPDATE current_timestamp()
) ENGINE=InnoDB DEFAULT CHARSET=utf8mb4;

--
-- Dumping data for table `orders`
--

INSERT INTO `orders` (`id`, `suyoolUserId`, `status`, `amount`, `transId`, `currency`, `created`, `updated`) VALUES
(114, 20, '', NULL, NULL, NULL, '2023-07-19 12:26:09', '2023-07-19 12:29:18'),
(116, 20, '', NULL, NULL, NULL, '2023-07-19 12:30:02', '2023-07-19 12:30:02'),
(117, 20, 'completed', 50000, 3032, 'LBP', '2023-07-19 12:34:47', '2023-07-19 16:24:39'),
(119, 20, '', NULL, NULL, NULL, '2023-07-19 15:24:46', '2023-07-19 15:24:52'),
(134, 89, 'completed', 50000, 3112, 'LBP', '2023-07-19 16:10:56', '2023-07-19 17:17:20'),
(135, 89, 'completed', 50000, 3113, 'LBP', '2023-07-19 16:17:26', '2023-07-20 10:10:11'),
(136, 89, 'completed', 50000, 3115, 'LBP', '2023-07-19 16:19:03', '2023-07-20 10:10:11'),
(137, 89, 'completed', 50000, 3116, 'LBP', '2023-07-19 16:22:32', '2023-07-20 10:10:11'),
(138, 89, 'completed', 50000, 3117, 'LBP', '2023-07-19 16:24:22', '2023-07-20 10:10:11'),
(139, 89, 'completed', 50000, 3118, 'LBP', '2023-07-19 16:27:16', '2023-07-20 10:10:11'),
(140, 89, 'completed', 50000, 3122, 'LBP', '2023-07-19 16:32:23', '2023-07-20 10:10:11'),
(141, 89, 'completed', 50000, 3124, 'LBP', '2023-07-19 16:35:59', '2023-07-20 10:10:11'),
(142, 89, 'completed', 50000, 3127, 'LBP', '2023-07-19 16:38:50', '2023-07-20 10:10:11'),
(143, 89, 'completed', 50000, 3128, 'LBP', '2023-07-19 16:42:35', '2023-07-20 10:10:11'),
(144, 89, 'completed', 50000, 3129, 'LBP', '2023-07-19 16:43:41', '2023-07-20 10:10:11'),
(145, 89, 'completed', 50000, 3130, 'LBP', '2023-07-19 16:47:24', '2023-07-20 10:10:11'),
(146, 89, 'completed', 50000, 3131, 'LBP', '2023-07-19 16:52:33', '2023-07-20 10:10:11'),
(158, 89, 'purchased', 50000, 3668, 'LBP', '2023-07-24 12:17:43', '2023-07-24 12:17:47'),
(159, 89, 'purchased', 50000, 3673, 'LBP', '2023-07-24 12:23:55', '2023-07-24 12:23:57'),
(160, 89, 'purchased', 50000, 3676, 'LBP', '2023-07-24 12:29:36', '2023-07-24 12:29:38'),
(161, 89, 'completed', 50000, 3689, 'LBP', '2023-07-24 12:41:36', '2023-07-24 12:41:38'),
(162, 89, 'completed', 50000, 4013, 'LBP', '2023-07-25 10:44:37', '2023-07-25 13:04:44'),
(163, 89, 'completed', 50000, 4031, 'LBP', '2023-07-25 12:09:34', '2023-07-25 12:10:19'),
(164, 89, 'completed', 50000, 4040, 'LBP', '2023-07-25 12:23:34', '2023-07-25 12:24:03'),
(165, 89, 'completed', 105000, 4043, 'LBP', '2023-07-25 12:26:31', '2023-07-25 12:27:27'),
(166, 89, 'completed', 105000, 4052, 'LBP', '2023-07-25 12:49:49', '2023-07-25 12:50:01'),
(167, 89, 'completed', 105000, 4053, 'LBP', '2023-07-25 13:06:44', '2023-07-25 13:07:02'),
(168, 89, 'completed', 105000, 4057, 'LBP', '2023-07-25 13:09:27', '2023-07-25 13:09:38'),
(169, 89, 'completed', 105000, 4064, 'LBP', '2023-07-25 13:27:06', '2023-07-25 13:27:54'),
(170, 89, 'completed', 50000, 4071, 'LBP', '2023-07-25 13:31:03', '2023-07-25 13:31:18'),
(171, 89, 'completed', 55000, 4073, 'LBP', '2023-07-25 13:32:07', '2023-07-25 13:32:22'),
(173, 89, 'completed', 155000, 4116, 'LBP', '2023-07-25 15:32:38', '2023-07-25 15:33:17'),
(175, 155, '', NULL, NULL, NULL, '2023-07-26 08:51:46', '2023-07-26 08:51:48'),
(176, 155, '', NULL, NULL, NULL, '2023-07-26 08:59:06', '2023-07-26 08:59:08'),
(177, 155, '', NULL, NULL, NULL, '2023-07-26 09:20:30', '2023-07-26 09:20:32'),
(178, 155, 'completed', 50000, 4309, 'LBP', '2023-07-26 09:36:10', '2023-07-26 09:47:15'),
(180, 155, '', NULL, NULL, NULL, '2023-07-26 10:26:48', '2023-07-26 12:42:25'),
(181, 155, '', NULL, NULL, NULL, '2023-07-26 10:28:03', '2023-07-26 12:42:29'),
(182, 155, '', NULL, NULL, NULL, '2023-07-26 11:42:40', '2023-07-26 12:43:35'),
(183, 155, '', NULL, NULL, NULL, '2023-07-26 11:44:32', '2023-07-26 11:44:32'),
(184, 155, '', NULL, NULL, NULL, '2023-07-26 11:46:40', '2023-07-26 11:46:40'),
(185, 155, 'completed', 40000, 4441, 'LBP', '2023-07-26 11:51:54', '2023-07-26 11:52:36'),
(186, 155, '', NULL, NULL, NULL, '2023-07-26 12:20:31', '2023-07-26 12:20:31'),
(187, 155, '', NULL, NULL, NULL, '2023-07-26 12:21:25', '2023-07-26 12:21:25'),
(188, 155, '', NULL, NULL, NULL, '2023-07-26 12:26:14', '2023-07-26 12:26:14'),
(189, 155, '', NULL, NULL, NULL, '2023-07-26 12:27:25', '2023-07-26 12:27:25'),
(190, 155, '', NULL, NULL, NULL, '2023-07-26 12:29:30', '2023-07-26 12:29:31'),
(191, 155, '', NULL, NULL, NULL, '2023-07-26 12:35:04', '2023-07-26 12:35:04'),
(192, 155, '', NULL, NULL, NULL, '2023-07-26 13:02:31', '2023-07-26 13:02:31'),
(193, 155, '', NULL, NULL, NULL, '2023-07-26 13:02:56', '2023-07-26 13:02:56'),
(194, 155, '', NULL, NULL, NULL, '2023-07-26 13:03:10', '2023-07-26 13:03:10'),
(195, 155, '', NULL, NULL, NULL, '2023-07-26 13:03:42', '2023-07-26 13:03:42'),
(196, 89, '', NULL, NULL, NULL, '2023-07-26 13:36:48', '2023-07-26 13:36:48'),
(197, 89, 'completed', 50000, 4492, 'LBP', '2023-07-26 13:37:08', '2023-07-26 13:39:15'),
(198, 155, 'completed', 105000, 4493, 'LBP', '2023-07-26 13:38:02', '2023-07-26 13:39:27'),
(199, 155, 'completed', 50000, 4494, 'LBP', '2023-07-26 13:42:45', '2023-07-26 13:44:08'),
(200, 89, 'completed', 100000, 4495, 'LBP', '2023-07-26 13:43:01', '2023-07-26 13:44:20'),
(201, 155, 'completed', 50000, 4516, 'LBP', '2023-07-26 14:52:26', '2023-07-26 14:53:21'),
(202, 89, 'completed', 50000, 4517, 'LBP', '2023-07-26 14:52:44', '2023-07-26 14:53:33'),
(203, 141, '', NULL, NULL, NULL, '2023-07-26 15:14:48', '2023-07-26 15:14:51'),
(204, 141, '', NULL, NULL, NULL, '2023-07-26 15:18:06', '2023-07-26 15:18:06'),
(205, 155, 'completed', 50000, 4532, 'LBP', '2023-07-26 15:23:55', '2023-07-26 15:45:56'),
(206, 141, '', NULL, NULL, NULL, '2023-07-26 15:24:17', '2023-07-26 15:24:17'),
(207, 141, '', NULL, NULL, NULL, '2023-07-26 15:32:24', '2023-07-26 15:32:25'),
(208, 141, '', NULL, NULL, NULL, '2023-07-26 15:41:06', '2023-07-26 15:41:06'),
(209, 141, 'completed', 50000, 4537, 'LBP', '2023-07-26 15:45:38', '2023-07-26 15:46:08'),
(210, 141, '', NULL, NULL, NULL, '2023-07-27 11:43:54', '2023-07-27 11:43:55'),
(211, 155, '', NULL, NULL, NULL, '2023-07-27 13:29:57', '2023-07-27 13:30:01'),
(212, 155, '', NULL, NULL, NULL, '2023-07-27 13:44:15', '2023-07-27 13:44:18'),
(213, 155, '', NULL, NULL, NULL, '2023-07-28 09:09:59', '2023-07-28 09:09:59'),
(214, 155, '', NULL, NULL, NULL, '2023-07-31 10:29:51', '2023-07-31 10:32:04'),
(215, 155, '', NULL, NULL, NULL, '2023-07-31 10:33:00', '2023-07-31 10:33:40'),
(216, 155, '', NULL, NULL, NULL, '2023-07-31 10:34:27', '2023-07-31 10:36:13'),
(217, 155, 'completed', 50000, 4830, 'LBP', '2023-07-31 10:36:27', '2023-07-31 10:59:14'),
(218, 155, 'completed', 0, 4949, 'LBP', '2023-07-31 13:50:37', '2023-07-31 13:51:48'),
(219, 155, 'completed', 0, 4958, 'LBP', '2023-07-31 14:31:04', '2023-07-31 14:35:13'),
(220, 155, 'completed', 110000, 4959, 'LBP', '2023-07-31 14:45:08', '2023-07-31 14:46:29'),
(221, 89, 'completed', 110000, 4960, 'LBP', '2023-07-28 15:46:00', '2023-08-02 11:28:26'),
(222, 155, 'completed', 110000, 4961, 'LBP', '2023-07-31 15:13:57', '2023-07-31 15:33:01'),
(223, 155, '', NULL, NULL, NULL, '2023-07-31 15:34:02', '2023-07-31 15:34:02'),
(224, 155, 'completed', 110000, 4963, 'LBP', '2023-07-31 15:40:40', '2023-07-31 15:41:21'),
(225, 155, 'completed', 55000, 4976, 'LBP', '2023-07-31 16:20:33', '2023-07-31 16:21:59'),
(226, 89, 'completed', 55000, 4977, 'LBP', '2023-07-28 16:20:55', '2023-08-02 10:40:42'),
(227, 155, 'completed', 50000, 4982, 'LBP', '2023-07-31 16:29:36', '2023-07-31 16:30:01'),
(236, 155, 'completed', 155000, 4997, 'LBP', '2023-08-01 11:15:16', '2023-08-01 11:18:03'),
(237, 155, 'completed', 100000, 4998, 'LBP', '2023-08-01 11:18:50', '2023-08-01 12:12:53'),
(238, 155, 'completed', 50000, 5020, 'LBP', '2023-08-01 13:11:54', '2023-08-01 13:12:55'),
(239, 155, 'completed', 50000, 5042, 'LBP', '2023-08-01 13:53:55', '2023-08-01 13:55:03'),
(250, 155, '', 155000, 5096, 'LBP', '2023-08-01 15:44:47', '2023-08-01 15:48:09'),
(251, 155, 'completed', 100000, 5098, 'LBP', '2023-08-01 15:48:30', '2023-08-01 15:49:45'),
(252, 155, '', NULL, NULL, NULL, '2023-08-01 16:09:36', '2023-08-01 16:09:36'),
(253, 155, 'canceled', NULL, NULL, NULL, '2023-08-01 16:10:23', '2023-08-01 16:10:23'),
(254, 155, 'completed', 50000, 5136, 'LBP', '2023-08-02 11:04:46', '2023-08-02 11:05:33'),
(255, 155, 'completed', 0, 5139, 'LBP', '2023-08-02 11:08:56', '2023-08-02 11:09:24'),
(256, 155, 'completed', 0, 5142, 'LBP', '2023-08-02 11:29:56', '2023-08-02 11:30:30');

-- --------------------------------------------------------

--
-- Table structure for table `prices`
--

CREATE TABLE `prices` (
  `id` int(11) NOT NULL,
  `numbers` int(11) NOT NULL,
  `price` int(11) NOT NULL,
  `zeed` int(11) NOT NULL,
  `create_date` datetime NOT NULL DEFAULT current_timestamp(),
  `update_date` datetime NOT NULL DEFAULT current_timestamp() ON UPDATE current_timestamp()
) ENGINE=InnoDB DEFAULT CHARSET=utf8mb4;

--
-- Dumping data for table `prices`
--

INSERT INTO `prices` (`id`, `numbers`, `price`, `zeed`, `create_date`, `update_date`) VALUES
(103, 6, 50000, 5000, '2023-07-11 09:28:02', '2023-07-11 09:28:02'),
(104, 7, 350000, 5000, '2023-07-11 09:28:02', '2023-07-11 09:28:02'),
(105, 8, 1400000, 5000, '2023-07-11 09:28:02', '2023-07-11 09:28:02'),
(106, 9, 4200000, 5000, '2023-07-11 09:28:02', '2023-07-11 09:28:02'),
(107, 10, 10500000, 5000, '2023-07-11 09:28:02', '2023-07-11 09:28:02'),
(108, 11, 23100000, 5000, '2023-07-11 09:28:02', '2023-07-11 09:28:02'),
(109, 12, 46200000, 5000, '2023-07-11 09:28:02', '2023-07-11 09:28:02');

-- --------------------------------------------------------

--
-- Table structure for table `results`
--

CREATE TABLE `results` (
  `id` int(11) NOT NULL,
  `drawId` varchar(30) NOT NULL,
  `drawdate` datetime NOT NULL,
  `winner1` varchar(100) NOT NULL,
  `winner2` varchar(100) NOT NULL,
  `winner3` varchar(100) NOT NULL,
  `winner4` varchar(100) NOT NULL,
  `winner5` varchar(100) NOT NULL,
  `numbers` varchar(100) NOT NULL,
  `zeednumber1` varchar(11) NOT NULL,
  `zeednumber2` varchar(11) NOT NULL,
  `zeednumber3` varchar(11) NOT NULL,
  `zeednumber4` varchar(11) NOT NULL,
  `winner1zeed` text NOT NULL,
  `winner2zeed` text NOT NULL,
  `winner3zeed` text NOT NULL,
  `winner4zeed` text NOT NULL,
  `create_date` datetime NOT NULL,
  `update_date` datetime NOT NULL DEFAULT current_timestamp() ON UPDATE current_timestamp()
) ENGINE=InnoDB DEFAULT CHARSET=utf8mb4;

--
-- Dumping data for table `results`
--

INSERT INTO `results` (`id`, `drawId`, `drawdate`, `winner1`, `winner2`, `winner3`, `winner4`, `winner5`, `numbers`, `zeednumber1`, `zeednumber2`, `zeednumber3`, `zeednumber4`, `winner1zeed`, `winner2zeed`, `winner3zeed`, `winner4zeed`, `create_date`, `update_date`) VALUES
(1, '2128', '2023-07-20 00:00:00', '15791847571', '665434750', '76296375', '1329784', '200000', '11,14,22,24,35,39,12', '24197', '4197', '197', '97', '109217487', '2500000', '200000', '20000', '2023-07-21 08:04:26', '2023-07-21 08:04:26'),
(2, '2127', '2023-07-17 00:00:00', '14189623696', '2808874963', '51081000', '1066038', '200000', '3,11,23,27,29,39,42', '09008', '9008', '008', '08', '109947545', '2500000', '200000', '20000', '2023-07-21 08:04:26', '2023-07-21 08:04:26'),
(3, '2126', '2023-07-13 00:00:00', '12580572196', '1630500963', '154026563', '1078995', '200000', '12,15,25,26,31,35,14', '10491', '0491', '491', '91', '200000000', '5000000', '400000', '40000', '2023-07-21 08:04:26', '2023-07-21 08:04:26'),
(4, '2125', '2023-07-10 00:00:00', '10963293290', '971561900', '21587713', '544427', '80000', '4,15,23,27,29,37,2', '61497', '1497', '497', '97', '304801257', '2500000', '200000', '20000', '2023-07-21 08:04:26', '2023-07-21 08:04:26'),
(5, '2124', '2023-07-06 00:00:00', '9659935115', '451357750', '20125174', '544564', '80000', '5,11,15,16,19,39,1', '52415', '2415', '415', '15', '0', '2500000', '200000', '20000', '2023-07-21 08:04:26', '2023-07-21 08:04:26'),
(6, '2123', '2023-07-03 00:00:00', '8444877740', '1390514825', '31872086', '508790', '80000', '1,3,14,16,26,31,30', '38682', '8682', '682', '82', '80000000', '5000000', '400000', '40000', '2023-07-21 08:04:26', '2023-07-21 08:04:26'),
(7, '2122', '2023-06-29 00:00:00', '7273578590', '430013425', '44007413', '626440', '80000', '1,3,16,29,34,38,27', '67893', '7893', '893', '93', '37121719.5', '2500000', '200000', '20000', '2023-07-21 08:04:26', '2023-07-21 08:04:26'),
(8, '2121', '2023-06-26 00:00:00', '6349422927', '671488300', '23384300', '386163', '80000', '7,10,11,17,29,33,1', '27120', '7120', '120', '20', '91537322.5', '2500000', '200000', '20000', '2023-07-21 08:04:26', '2023-07-21 08:04:26'),
(9, '2120', '2023-06-22 00:00:00', '19673445691', '571532000', '23184000', '516698', '80000', '1,2,3,14,23,38,25', '91839', '1839', '839', '39', '107159822', '2500000', '200000', '20000', '2023-07-21 08:04:26', '2023-07-21 08:04:26'),
(10, '2119', '2023-06-19 00:00:00', '17807133691', '2082046925', '25439400', '470664', '80000', '3,6,11,14,19,30,29', '65703', '5703', '703', '03', '400000000', '5000000', '400000', '40000', '2023-07-21 08:04:26', '2023-07-21 08:04:26'),
(16, '2129', '2023-07-24 00:00:00', '15791847571', '1973195750', '39016125', '1243542', '200000', '11,18,25,27,36,39,8', '00182', '0182', '182', '82', '0', '2500000', '200000', '20000', '2023-07-25 15:12:22', '2023-07-25 15:12:22'),
(20, '2130', '2023-07-27 00:00:00', '18107693102', '1354745625', '35495625', '1228695', '200000', '11,16,23,24,29,40,18', '62445', '2445', '445', '45', '0', '450000', '45000', '4000', '2023-07-28 10:22:39', '2023-07-28 10:22:39'),
(35, '2131', '2023-07-31 00:00:00', '20876000727', '765792250', '44909400', '1467627', '200000', '3,14,17,32,39,40,33', '37502', '7502', '502', '02', '57613202.5', '2500000', '200000', '20000', '0000-00-00 00:00:00', '2023-08-02 09:27:40');

--
-- Indexes for dumped tables
--

--
-- Indexes for table `draws`
--
ALTER TABLE `draws`
  ADD PRIMARY KEY (`id`);

--
-- Indexes for table `loto`
--
ALTER TABLE `loto`
  ADD PRIMARY KEY (`id`);

--
-- Indexes for table `orders`
--
ALTER TABLE `orders`
  ADD PRIMARY KEY (`id`);

--
-- Indexes for table `prices`
--
ALTER TABLE `prices`
  ADD PRIMARY KEY (`id`);

--
-- Indexes for table `results`
--
ALTER TABLE `results`
  ADD PRIMARY KEY (`id`);

--
-- AUTO_INCREMENT for dumped tables
--

--
-- AUTO_INCREMENT for table `draws`
--
ALTER TABLE `draws`
  MODIFY `id` int(11) NOT NULL AUTO_INCREMENT, AUTO_INCREMENT=41;

--
-- AUTO_INCREMENT for table `loto`
--
ALTER TABLE `loto`
  MODIFY `id` int(11) NOT NULL AUTO_INCREMENT, AUTO_INCREMENT=297;

--
-- AUTO_INCREMENT for table `orders`
--
ALTER TABLE `orders`
  MODIFY `id` int(11) NOT NULL AUTO_INCREMENT, AUTO_INCREMENT=257;

--
-- AUTO_INCREMENT for table `prices`
--
ALTER TABLE `prices`
  MODIFY `id` int(11) NOT NULL AUTO_INCREMENT, AUTO_INCREMENT=110;

--
-- AUTO_INCREMENT for table `results`
--
ALTER TABLE `results`
  MODIFY `id` int(11) NOT NULL AUTO_INCREMENT, AUTO_INCREMENT=36;
COMMIT;

/*!40101 SET CHARACTER_SET_CLIENT=@OLD_CHARACTER_SET_CLIENT */;
/*!40101 SET CHARACTER_SET_RESULTS=@OLD_CHARACTER_SET_RESULTS */;
/*!40101 SET COLLATION_CONNECTION=@OLD_COLLATION_CONNECTION */;
